EntryTime,ExitTime,Side,Entry,Exit,PL,Reason
2018-01-04 05:00,2018-01-04 15:00,BUY,1307.09,1315.09,7.8,TP
2018-01-04 06:00,2018-01-04 15:00,BUY,1307.87,1315.87,7.8,TP
2018-01-04 07:00,2018-01-04 17:00,BUY,1309.96,1317.96,7.8,TP
2018-01-04 08:00,2018-01-04 17:00,BUY,1309.97,1317.97,7.8,TP
2018-01-04 09:00,2018-01-04 17:00,BUY,1310.54,1318.54,7.8,TP
2018-01-04 10:00,2018-01-04 17:00,BUY,1311.52,1319.52,7.8,TP
2018-01-04 13:00,2018-01-04 20:00,BUY,1312.82,1320.82,7.8,TP
2018-01-04 11:00,2018-01-04 21:00,BUY,1313.56,1321.56,7.8,TP
2018-01-04 12:00,2018-01-04 21:00,BUY,1313.42,1321.42,7.8,TP
2018-01-04 14:00,2018-01-04 21:00,BUY,1313.16,1321.16,7.8,TP
2018-01-04 15:00,2018-01-04 21:00,BUY,1314.67,1322.67,7.8,TP
2018-01-04 16:00,2018-01-04 21:00,BUY,1314.63,1322.63,7.8,TP
2018-01-04 21:00,2018-01-05 08:00,BUY,1324.22,1318.22,-6.2,SL
2018-01-04 23:00,2018-01-05 10:00,BUY,1322.69,1316.69,-6.2,SL
2018-01-05 02:00,2018-01-05 10:00,BUY,1322.76,1316.76,-6.2,SL
2018-01-04 17:00,2018-01-05 16:00,BUY,1319.66,1313.66,-6.2,SL
2018-01-04 22:00,2018-01-05 16:00,BUY,1321.77,1315.77,-6.2,SL
2018-01-05 01:00,2018-01-05 16:00,BUY,1320.81,1314.81,-6.2,SL
2018-01-05 03:00,2018-01-05 16:00,BUY,1321.87,1315.87,-6.2,SL
2018-01-05 04:00,2018-01-05 16:00,BUY,1320.97,1314.97,-6.2,SL
2018-01-05 05:00,2018-01-05 16:00,BUY,1321.25,1315.25,-6.2,SL
2018-01-05 06:00,2018-01-05 16:00,BUY,1321.79,1315.79,-6.2,SL
2018-01-04 19:00,2018-01-09 10:00,BUY,1319.5,1313.5,-6.2,SL
2018-01-04 18:00,2018-01-09 15:00,BUY,1319.07,1313.07,-6.2,SL
2018-01-04 20:00,2018-01-09 15:00,BUY,1319.07,1313.07,-6.2,SL
2018-01-10 19:00,2018-01-12 04:00,BUY,1317.64,1325.64,7.8,TP
2018-01-10 20:00,2018-01-12 04:00,BUY,1318.29,1326.29,7.8,TP
2018-01-12 19:00,2018-01-15 03:00,BUY,1331.7,1339.7,7.8,TP
2018-01-15 03:00,2018-01-16 11:00,BUY,1339.14,1333.14,-6.2,SL
2018-01-15 04:00,2018-01-16 11:00,BUY,1340.55,1334.55,-6.2,SL
2018-01-15 05:00,2018-01-16 11:00,BUY,1340.89,1334.89,-6.2,SL
2018-01-15 14:00,2018-01-16 11:00,BUY,1341.87,1335.87,-6.2,SL
2018-01-15 15:00,2018-01-16 11:00,BUY,1341.99,1335.99,-6.2,SL
2018-01-15 16:00,2018-01-16 11:00,BUY,1340.72,1334.72,-6.2,SL
2018-01-15 17:00,2018-01-16 11:00,BUY,1341.03,1335.03,-6.2,SL
2018-01-15 18:00,2018-01-16 11:00,BUY,1340.6,1334.6,-6.2,SL
2018-01-15 19:00,2018-01-16 11:00,BUY,1339.93,1333.93,-6.2,SL
2018-01-12 22:00,2018-01-16 12:00,BUY,1337.93,1331.93,-6.2,SL
2018-01-12 23:00,2018-01-16 12:00,BUY,1338.17,1332.17,-6.2,SL
2018-01-15 02:00,2018-01-16 12:00,BUY,1338.25,1332.25,-6.2,SL
2018-01-16 16:00,2018-01-17 01:00,BUY,1332.6,1340.6,7.8,TP
2018-01-16 15:00,2018-01-17 02:00,BUY,1333.33,1341.33,7.8,TP
2018-01-16 13:00,2018-01-17 03:00,BUY,1334.88,1342.88,7.8,TP
2018-01-16 14:00,2018-01-17 03:00,BUY,1335.59,1343.59,7.8,TP
2018-01-16 17:00,2018-01-17 03:00,BUY,1335.26,1343.26,7.8,TP
2018-01-16 18:00,2018-01-17 03:00,BUY,1334.8,1342.8,7.8,TP
2018-01-16 19:00,2018-01-17 03:00,BUY,1334.51,1342.51,7.8,TP
2018-01-17 03:00,2018-01-17 05:00,BUY,1343.56,1337.56,-6.2,SL
2018-01-17 02:00,2018-01-17 06:00,BUY,1341.79,1335.79,-6.2,SL
2018-01-17 01:00,2018-01-17 07:00,BUY,1340.61,1334.61,-6.2,SL
2018-01-16 22:00,2018-01-17 08:00,BUY,1339.6,1333.6,-6.2,SL
2018-01-17 04:00,2018-01-17 08:00,BUY,1339.5,1333.5,-6.2,SL
2018-01-12 20:00,2018-01-17 18:00,BUY,1337.55,1331.55,-6.2,SL
2018-01-12 21:00,2018-01-17 18:00,BUY,1337.38,1331.38,-6.2,SL
2018-01-16 20:00,2018-01-17 18:00,BUY,1338.68,1332.68,-6.2,SL
2018-01-16 21:00,2018-01-17 18:00,BUY,1338.61,1332.61,-6.2,SL
2018-01-16 23:00,2018-01-17 18:00,BUY,1338.37,1332.37,-6.2,SL
2018-01-17 05:00,2018-01-17 18:00,BUY,1337.4,1331.4,-6.2,SL
2018-01-17 12:00,2018-01-17 18:00,BUY,1338.07,1332.07,-6.2,SL
2018-01-15 01:00,2018-01-17 21:00,BUY,1336.74,1330.74,-6.2,SL
2018-01-17 06:00,2018-01-17 21:00,BUY,1334.83,1328.83,-6.2,SL
2018-01-17 10:00,2018-01-17 21:00,BUY,1335.24,1329.24,-6.2,SL
2018-01-17 11:00,2018-01-17 21:00,BUY,1335.61,1329.61,-6.2,SL
2018-01-17 13:00,2018-01-17 21:00,BUY,1337.02,1331.02,-6.2,SL
2018-01-17 07:00,2018-01-17 22:00,BUY,1334.32,1328.32,-6.2,SL
2018-01-17 08:00,2018-01-17 22:00,BUY,1333.21,1327.21,-6.2,SL
2018-01-17 09:00,2018-01-17 22:00,BUY,1334.12,1328.12,-6.2,SL
2018-01-22 04:00,2018-01-23 21:00,BUY,1331.61,1339.61,7.8,TP
2018-01-23 16:00,2018-01-24 01:00,BUY,1333.99,1341.99,7.8,TP
2018-01-23 07:00,2018-01-24 09:00,BUY,1335.6,1343.6,7.8,TP
2018-01-23 05:00,2018-01-24 10:00,BUY,1335.83,1343.83,7.8,TP
2018-01-23 06:00,2018-01-24 10:00,BUY,1336.12,1344.12,7.8,TP
2018-01-23 08:00,2018-01-24 10:00,BUY,1336.52,1344.52,7.8,TP
2018-01-23 09:00,2018-01-24 10:00,BUY,1336.57,1344.57,7.8,TP
2018-01-23 10:00,2018-01-24 10:00,BUY,1336.87,1344.87,7.8,TP
2018-01-23 11:00,2018-01-24 10:00,BUY,1336.38,1344.38,7.8,TP
2018-01-23 12:00,2018-01-24 10:00,BUY,1336.13,1344.13,7.8,TP
2018-01-23 13:00,2018-01-24 10:00,BUY,1336.6,1344.6,7.8,TP
2018-01-23 14:00,2018-01-24 10:00,BUY,1336.35,1344.35,7.8,TP
2018-01-23 15:00,2018-01-24 10:00,BUY,1336.27,1344.27,7.8,TP
2018-01-23 17:00,2018-01-24 10:00,BUY,1338.01,1346.01,7.8,TP
2018-01-23 18:00,2018-01-24 10:00,BUY,1337.37,1345.37,7.8,TP
2018-01-23 21:00,2018-01-24 11:00,BUY,1340.4,1348.4,7.8,TP
2018-01-24 07:00,2018-01-24 12:00,BUY,1341.91,1349.91,7.8,TP
2018-01-24 09:00,2018-01-24 14:00,BUY,1343.1,1351.1,7.8,TP
2018-01-24 10:00,2018-01-24 16:00,BUY,1346.87,1354.87,7.8,TP
2018-01-24 11:00,2018-01-24 20:00,BUY,1348.51,1356.51,7.8,TP
2018-01-24 12:00,2018-01-24 20:00,BUY,1349.57,1357.57,7.8,TP
2018-01-24 13:00,2018-01-24 20:00,BUY,1349.33,1357.33,7.8,TP
2018-01-26 09:00,2018-01-26 13:00,BUY,1355.61,1349.61,-6.2,SL
2018-01-26 10:00,2018-01-26 16:00,BUY,1354.99,1348.99,-6.2,SL
2018-01-26 08:00,2018-01-29 03:00,BUY,1354.07,1348.07,-6.2,SL
2018-01-26 11:00,2018-01-29 03:00,BUY,1354.22,1348.22,-6.2,SL
2018-01-26 12:00,2018-01-29 03:00,BUY,1353.71,1347.71,-6.2,SL
2018-01-26 16:00,2018-01-29 04:00,BUY,1353.23,1347.23,-6.2,SL
2018-01-26 18:00,2018-01-29 04:00,BUY,1352.51,1346.51,-6.2,SL
2018-01-26 19:00,2018-01-29 04:00,BUY,1353.35,1347.35,-6.2,SL
2018-01-26 20:00,2018-01-29 04:00,BUY,1353.44,1347.44,-6.2,SL
2018-01-26 05:00,2018-01-29 10:00,BUY,1351.83,1345.83,-6.2,SL
2018-01-26 06:00,2018-01-29 10:00,BUY,1351.9,1345.9,-6.2,SL
2018-01-26 07:00,2018-01-29 10:00,BUY,1352.25,1346.25,-6.2,SL
2018-01-26 15:00,2018-01-29 10:00,BUY,1351.62,1345.62,-6.2,SL
2018-01-26 17:00,2018-01-29 10:00,BUY,1352.06,1346.06,-6.2,SL
2018-01-26 13:00,2018-01-29 14:00,BUY,1350.34,1344.34,-6.2,SL
2018-01-26 14:00,2018-01-29 14:00,BUY,1350.47,1344.47,-6.2,SL
2018-01-26 21:00,2018-01-29 14:00,BUY,1350.5,1344.5,-6.2,SL
2018-01-29 03:00,2018-01-29 14:00,BUY,1348.66,1342.66,-6.2,SL
2018-01-29 04:00,2018-01-29 14:00,BUY,1348.18,1342.18,-6.2,SL
2018-01-29 05:00,2018-01-29 14:00,BUY,1349.19,1343.19,-6.2,SL
2018-01-29 06:00,2018-01-29 14:00,BUY,1348.43,1342.43,-6.2,SL
2018-01-29 07:00,2018-01-29 14:00,BUY,1348.11,1342.11,-6.2,SL
2018-01-29 08:00,2018-01-29 14:00,BUY,1348.35,1342.35,-6.2,SL
2018-01-29 09:00,2018-01-29 14:00,BUY,1347.58,1341.58,-6.2,SL
2018-01-29 11:00,2018-01-29 17:00,BUY,1347.33,1341.33,-6.2,SL
2018-01-29 12:00,2018-01-29 17:00,BUY,1347.16,1341.16,-6.2,SL
2018-01-29 13:00,2018-01-29 17:00,BUY,1346.49,1340.49,-6.2,SL
2018-01-29 10:00,2018-01-29 18:00,BUY,1346.2,1340.2,-6.2,SL
2018-01-29 14:00,2018-01-30 04:00,BUY,1343.3,1337.3,-6.2,SL
2018-01-31 20:00,2018-01-31 21:00,BUY,1340.44,1334.44,-6.2,SL
2018-01-31 22:00,2018-02-01 09:00,BUY,1345.71,1339.71,-6.2,SL
2018-01-31 21:00,2018-02-01 13:00,BUY,1343.51,1337.51,-6.2,SL
2018-02-02 02:00,2018-02-02 15:00,BUY,1347.76,1341.76,-6.2,SL
2018-02-02 03:00,2018-02-02 15:00,BUY,1349.03,1343.03,-6.2,SL
2018-02-02 04:00,2018-02-02 15:00,BUY,1347.81,1341.81,-6.2,SL
2018-02-02 05:00,2018-02-02 15:00,BUY,1348.42,1342.42,-6.2,SL
2018-02-02 06:00,2018-02-02 15:00,BUY,1347.55,1341.55,-6.2,SL
2018-02-02 07:00,2018-02-02 15:00,BUY,1347.41,1341.41,-6.2,SL
2018-02-02 08:00,2018-02-02 15:00,BUY,1347.14,1341.14,-6.2,SL
2018-02-02 09:00,2018-02-02 15:00,BUY,1348.59,1342.59,-6.2,SL
2018-02-02 10:00,2018-02-02 15:00,BUY,1347.73,1341.73,-6.2,SL
2018-02-02 11:00,2018-02-02 15:00,BUY,1345.86,1339.86,-6.2,SL
2018-02-02 12:00,2018-02-02 15:00,BUY,1345.3,1339.3,-6.2,SL
2018-02-02 13:00,2018-02-02 15:00,BUY,1344.84,1338.84,-6.2,SL
2018-02-02 14:00,2018-02-02 15:00,BUY,1345.42,1339.42,-6.2,SL
2018-02-02 15:00,2018-02-02 17:00,BUY,1335.56,1329.56,-6.2,SL
2018-02-02 17:00,2018-02-05 13:00,BUY,1330.31,1338.31,7.8,TP
2018-02-02 18:00,2018-02-05 13:00,BUY,1330.38,1338.38,7.8,TP
2018-02-05 05:00,2018-02-05 13:00,BUY,1330.25,1338.25,7.8,TP
2018-02-02 16:00,2018-02-05 22:00,BUY,1331.8,1339.8,7.8,TP
2018-02-05 04:00,2018-02-05 22:00,BUY,1330.95,1338.95,7.8,TP
2018-02-06 07:00,2018-02-06 14:00,BUY,1343.3,1337.3,-6.2,SL
2018-02-06 08:00,2018-02-06 14:00,BUY,1343.93,1337.93,-6.2,SL
2018-02-06 09:00,2018-02-06 14:00,BUY,1343.15,1337.15,-6.2,SL
2018-02-06 11:00,2018-02-06 14:00,BUY,1343.18,1337.18,-6.2,SL
2018-02-06 12:00,2018-02-06 14:00,BUY,1342.73,1336.73,-6.2,SL
2018-02-06 10:00,2018-02-06 15:00,BUY,1340.67,1334.67,-6.2,SL
2018-02-07 04:00,2018-02-07 14:00,BUY,1330.48,1324.48,-6.2,SL
2018-02-07 07:00,2018-02-07 14:00,BUY,1329.69,1323.69,-6.2,SL
2018-02-07 08:00,2018-02-07 14:00,BUY,1330.56,1324.56,-6.2,SL
2018-02-07 09:00,2018-02-07 14:00,BUY,1329.94,1323.94,-6.2,SL
2018-02-07 10:00,2018-02-07 14:00,BUY,1330.34,1324.34,-6.2,SL
2018-02-07 03:00,2018-02-07 15:00,BUY,1329.19,1323.19,-6.2,SL
2018-02-07 05:00,2018-02-07 15:00,BUY,1329.1,1323.1,-6.2,SL
2018-02-07 06:00,2018-02-07 15:00,BUY,1329.16,1323.16,-6.2,SL
2018-02-07 11:00,2018-02-07 15:00,BUY,1328.61,1322.61,-6.2,SL
2018-02-07 13:00,2018-02-07 15:00,BUY,1328.32,1322.32,-6.2,SL
2018-02-07 02:00,2018-02-07 16:00,BUY,1327.09,1321.09,-6.2,SL
2018-02-07 12:00,2018-02-07 16:00,BUY,1327.59,1321.59,-6.2,SL
2018-02-07 14:00,2018-02-07 18:00,BUY,1324.21,1318.21,-6.2,SL
2018-02-07 15:00,2018-02-07 19:00,BUY,1322.44,1316.44,-6.2,SL
2018-02-08 09:00,2018-02-08 19:00,BUY,1312.34,1320.34,7.8,TP
2018-02-08 10:00,2018-02-08 19:00,BUY,1310.87,1318.87,7.8,TP
2018-02-08 11:00,2018-02-08 19:00,BUY,1310.25,1318.25,7.8,TP
2018-02-08 12:00,2018-02-08 19:00,BUY,1311.49,1319.49,7.8,TP
2018-02-08 13:00,2018-02-08 19:00,BUY,1310.82,1318.82,7.8,TP
2018-02-08 14:00,2018-02-08 19:00,BUY,1312.26,1320.26,7.8,TP
2018-02-08 17:00,2018-02-09 01:00,BUY,1314.32,1322.32,7.8,TP
2018-02-08 19:00,2018-02-09 10:00,BUY,1319.82,1313.82,-6.2,SL
2018-02-08 15:00,2018-02-12 03:00,BUY,1314.93,1322.93,7.8,TP
2018-02-08 16:00,2018-02-12 03:00,BUY,1315.48,1323.48,7.8,TP
2018-02-08 18:00,2018-02-12 03:00,BUY,1316.62,1324.62,7.8,TP
2018-02-13 01:00,2018-02-13 12:00,BUY,1322.5,1330.5,7.8,TP
2018-02-13 02:00,2018-02-13 12:00,BUY,1322.7,1330.7,7.8,TP
2018-02-13 12:00,2018-02-13 16:00,BUY,1329.47,1323.47,-6.2,SL
2018-02-13 03:00,2018-02-14 01:00,BUY,1323.18,1331.18,7.8,TP
2018-02-13 04:00,2018-02-14 01:00,BUY,1323.11,1331.11,7.8,TP
2018-02-13 05:00,2018-02-14 01:00,BUY,1323.97,1331.97,7.8,TP
2018-02-13 08:00,2018-02-14 03:00,BUY,1325.74,1333.74,7.8,TP
2018-02-13 16:00,2018-02-14 03:00,BUY,1325.8,1333.8,7.8,TP
2018-02-13 06:00,2018-02-14 04:00,BUY,1326.1,1334.1,7.8,TP
2018-02-13 07:00,2018-02-14 04:00,BUY,1326.36,1334.36,7.8,TP
2018-02-13 15:00,2018-02-14 04:00,BUY,1325.86,1333.86,7.8,TP
2018-02-13 09:00,2018-02-14 05:00,BUY,1327.25,1335.25,7.8,TP
2018-02-13 10:00,2018-02-14 05:00,BUY,1328.72,1336.72,7.8,TP
2018-02-13 11:00,2018-02-14 05:00,BUY,1328.57,1336.57,7.8,TP
2018-02-13 13:00,2018-02-14 05:00,BUY,1327.56,1335.56,7.8,TP
2018-02-13 14:00,2018-02-14 05:00,BUY,1328.1,1336.1,7.8,TP
2018-02-13 17:00,2018-02-14 05:00,BUY,1328.61,1336.61,7.8,TP
2018-02-13 18:00,2018-02-14 05:00,BUY,1328.44,1336.44,7.8,TP
2018-02-14 11:00,2018-02-14 15:00,BUY,1330.33,1324.33,-6.2,SL
2018-02-14 12:00,2018-02-14 15:00,BUY,1331.91,1325.91,-6.2,SL
2018-02-14 13:00,2018-02-14 15:00,BUY,1330.27,1324.27,-6.2,SL
2018-02-14 14:00,2018-02-14 15:00,BUY,1331.37,1325.37,-6.2,SL
2018-02-14 15:00,2018-02-14 16:00,BUY,1327.5,1335.5,7.8,TP
2018-02-14 16:00,2018-02-14 17:00,BUY,1333.87,1341.87,7.8,TP
2018-02-15 02:00,2018-02-16 06:00,BUY,1351.39,1359.39,7.8,TP
2018-02-15 01:00,2018-02-16 20:00,BUY,1353.78,1347.78,-6.2,SL
2018-02-16 14:00,2018-02-16 20:00,BUY,1356.23,1350.23,-6.2,SL
2018-02-16 15:00,2018-02-16 20:00,BUY,1355.31,1349.31,-6.2,SL
2018-02-16 16:00,2018-02-16 20:00,BUY,1353.88,1347.88,-6.2,SL
2018-02-16 17:00,2018-02-16 20:00,BUY,1355.49,1349.49,-6.2,SL
2018-02-16 18:00,2018-02-16 21:00,BUY,1353.16,1347.16,-6.2,SL
2018-02-16 19:00,2018-02-16 21:00,BUY,1353.63,1347.63,-6.2,SL
2018-02-19 02:00,2018-02-20 01:00,BUY,1350.03,1344.03,-6.2,SL
2018-02-19 03:00,2018-02-20 01:00,BUY,1350.36,1344.36,-6.2,SL
2018-02-19 04:00,2018-02-20 01:00,BUY,1350.33,1344.33,-6.2,SL
2018-02-16 20:00,2018-02-20 03:00,BUY,1348.47,1342.47,-6.2,SL
2018-02-16 21:00,2018-02-20 03:00,BUY,1347.62,1341.62,-6.2,SL
2018-02-16 22:00,2018-02-20 03:00,BUY,1348.69,1342.69,-6.2,SL
2018-02-16 23:00,2018-02-20 03:00,BUY,1347.43,1341.43,-6.2,SL
2018-02-19 01:00,2018-02-20 03:00,BUY,1348.04,1342.04,-6.2,SL
2018-02-19 05:00,2018-02-20 03:00,BUY,1348.84,1342.84,-6.2,SL
2018-02-19 06:00,2018-02-20 03:00,BUY,1347.74,1341.74,-6.2,SL
2018-02-19 08:00,2018-02-20 03:00,BUY,1347.95,1341.95,-6.2,SL
2018-02-19 09:00,2018-02-20 03:00,BUY,1348.3,1342.3,-6.2,SL
2018-02-19 10:00,2018-02-20 03:00,BUY,1346.91,1340.91,-6.2,SL
2018-02-19 11:00,2018-02-20 03:00,BUY,1347.25,1341.25,-6.2,SL
2018-02-19 07:00,2018-02-20 05:00,BUY,1346.56,1340.56,-6.2,SL
2018-02-26 09:00,2018-02-26 16:00,BUY,1339.35,1333.35,-6.2,SL
2018-02-26 10:00,2018-02-26 16:00,BUY,1338.1,1332.1,-6.2,SL
2018-02-26 11:00,2018-02-26 16:00,BUY,1340.13,1334.13,-6.2,SL
2018-02-26 12:00,2018-02-26 16:00,BUY,1339.34,1333.34,-6.2,SL
2018-02-26 13:00,2018-02-26 16:00,BUY,1337.93,1331.93,-6.2,SL
2018-02-26 14:00,2018-02-26 16:00,BUY,1336.83,1330.83,-6.2,SL
2018-02-26 15:00,2018-02-26 19:00,BUY,1336.31,1330.31,-6.2,SL
2018-02-26 16:00,2018-02-27 15:00,BUY,1333.88,1327.88,-6.2,SL
2018-02-26 17:00,2018-02-27 15:00,BUY,1332.44,1326.44,-6.2,SL
2018-02-26 18:00,2018-02-27 15:00,BUY,1330.94,1324.94,-6.2,SL
2018-02-26 19:00,2018-02-27 15:00,BUY,1332.41,1326.41,-6.2,SL
2018-02-26 20:00,2018-02-27 15:00,BUY,1331.58,1325.58,-6.2,SL
2018-02-26 21:00,2018-02-27 15:00,BUY,1332.78,1326.78,-6.2,SL
2018-02-26 22:00,2018-02-27 15:00,BUY,1333.2,1327.2,-6.2,SL
2018-02-26 23:00,2018-02-27 15:00,BUY,1332.93,1326.93,-6.2,SL
2018-02-27 01:00,2018-02-27 15:00,BUY,1332.19,1326.19,-6.2,SL
2018-02-27 02:00,2018-02-27 15:00,BUY,1335.08,1329.08,-6.2,SL
2018-02-27 03:00,2018-02-27 15:00,BUY,1335.72,1329.72,-6.2,SL
2018-02-27 04:00,2018-02-27 15:00,BUY,1334.37,1328.37,-6.2,SL
2018-02-27 05:00,2018-02-27 15:00,BUY,1333.16,1327.16,-6.2,SL
2018-02-27 06:00,2018-02-27 15:00,BUY,1332.16,1326.16,-6.2,SL
2018-02-27 07:00,2018-02-27 15:00,BUY,1333.05,1327.05,-6.2,SL
2018-02-28 11:00,2018-03-01 02:00,BUY,1321.04,1315.04,-6.2,SL
2018-02-28 12:00,2018-03-01 06:00,BUY,1319.81,1313.81,-6.2,SL
2018-02-28 14:00,2018-03-01 06:00,BUY,1320.15,1314.15,-6.2,SL
2018-02-28 13:00,2018-03-01 08:00,BUY,1319.45,1313.45,-6.2,SL
2018-02-28 10:00,2018-03-01 10:00,BUY,1317.53,1311.53,-6.2,SL
2018-02-28 15:00,2018-03-01 10:00,BUY,1317.5,1311.5,-6.2,SL
2018-03-01 22:00,2018-03-02 13:00,SELL,1315.05,1321.05,-6.2,SL
2018-03-01 23:00,2018-03-02 13:00,SELL,1317.16,1323.16,-6.2,SL
2018-03-02 01:00,2018-03-02 13:00,SELL,1317.01,1323.01,-6.2,SL
2018-03-02 02:00,2018-03-02 13:00,SELL,1316.48,1322.48,-6.2,SL
2018-03-02 03:00,2018-03-02 13:00,SELL,1317.71,1323.71,-6.2,SL
2018-03-02 04:00,2018-03-02 13:00,SELL,1316.61,1322.61,-6.2,SL
2018-03-02 05:00,2018-03-02 13:00,SELL,1316.81,1322.81,-6.2,SL
2018-03-02 06:00,2018-03-02 13:00,SELL,1316.82,1322.82,-6.2,SL
2018-03-02 08:00,2018-03-02 13:00,SELL,1317.13,1323.13,-6.2,SL
2018-03-02 09:00,2018-03-02 13:00,SELL,1317.27,1323.27,-6.2,SL
2018-03-02 10:00,2018-03-02 13:00,SELL,1317.3,1323.3,-6.2,SL
2018-03-02 11:00,2018-03-02 13:00,SELL,1316.38,1322.38,-6.2,SL
2018-03-02 07:00,2018-03-02 15:00,SELL,1318.39,1324.39,-6.2,SL
2018-03-02 12:00,2018-03-02 15:00,SELL,1318.91,1324.91,-6.2,SL
2018-03-02 14:00,2018-03-05 09:00,SELL,1321.36,1327.36,-6.2,SL
2018-03-02 13:00,2018-03-06 13:00,SELL,1321.87,1327.87,-6.2,SL
2018-03-05 19:00,2018-03-06 13:00,BUY,1319.28,1327.28,7.8,TP
2018-03-05 20:00,2018-03-06 13:00,BUY,1317.92,1325.92,7.8,TP
2018-03-05 21:00,2018-03-06 13:00,BUY,1319.73,1327.73,7.8,TP
2018-03-05 22:00,2018-03-06 13:00,BUY,1319.64,1327.64,7.8,TP
2018-03-05 18:00,2018-03-06 14:00,BUY,1320.25,1328.25,7.8,TP
2018-03-05 15:00,2018-03-06 15:00,BUY,1321.49,1329.49,7.8,TP
2018-03-05 16:00,2018-03-06 15:00,BUY,1321.04,1329.04,7.8,TP
2018-03-05 17:00,2018-03-06 15:00,BUY,1321.45,1329.45,7.8,TP
2018-03-06 07:00,2018-03-06 15:00,BUY,1323.01,1331.01,7.8,TP
2018-03-06 08:00,2018-03-06 15:00,BUY,1322.42,1330.42,7.8,TP
2018-03-06 09:00,2018-03-06 15:00,BUY,1320.65,1328.65,7.8,TP
2018-03-06 10:00,2018-03-06 15:00,BUY,1322.28,1330.28,7.8,TP
2018-03-06 11:00,2018-03-06 16:00,BUY,1324.19,1332.19,7.8,TP
2018-03-06 12:00,2018-03-06 17:00,BUY,1325.01,1333.01,7.8,TP
2018-03-06 13:00,2018-03-06 17:00,BUY,1327.67,1335.67,7.8,TP
2018-03-06 14:00,2018-03-06 17:00,BUY,1328.14,1336.14,7.8,TP
2018-03-06 15:00,2018-03-07 01:00,BUY,1332.08,1340.08,7.8,TP
2018-03-06 16:00,2018-03-07 01:00,BUY,1332.17,1340.17,7.8,TP
2018-03-07 01:00,2018-03-07 06:00,BUY,1339.03,1333.03,-6.2,SL
2018-03-06 18:00,2018-03-07 10:00,BUY,1337.62,1331.62,-6.2,SL
2018-03-07 02:00,2018-03-07 13:00,BUY,1336.64,1330.64,-6.2,SL
2018-03-06 17:00,2018-03-07 14:00,BUY,1336.07,1330.07,-6.2,SL
2018-03-07 04:00,2018-03-07 14:00,BUY,1335.69,1329.69,-6.2,SL
2018-03-06 20:00,2018-03-07 16:00,BUY,1334.61,1328.61,-6.2,SL
2018-03-06 21:00,2018-03-07 16:00,BUY,1334.79,1328.79,-6.2,SL
2018-03-07 05:00,2018-03-07 16:00,BUY,1335.07,1329.07,-6.2,SL
2018-03-06 19:00,2018-03-07 17:00,BUY,1332.86,1326.86,-6.2,SL
2018-03-06 22:00,2018-03-07 17:00,BUY,1333.83,1327.83,-6.2,SL
2018-03-06 23:00,2018-03-07 17:00,BUY,1334.3,1328.3,-6.2,SL
2018-03-07 03:00,2018-03-07 17:00,BUY,1334.36,1328.36,-6.2,SL
2018-03-07 06:00,2018-03-07 17:00,BUY,1332.77,1326.77,-6.2,SL
2018-03-07 07:00,2018-03-07 17:00,BUY,1332.74,1326.74,-6.2,SL
2018-03-08 05:00,2018-03-08 16:00,BUY,1327.87,1321.87,-6.2,SL
2018-03-08 08:00,2018-03-08 16:00,BUY,1328.12,1322.12,-6.2,SL
2018-03-08 09:00,2018-03-08 16:00,BUY,1328.24,1322.24,-6.2,SL
2018-03-07 19:00,2018-03-08 17:00,BUY,1325.74,1319.74,-6.2,SL
2018-03-07 20:00,2018-03-08 17:00,BUY,1325.75,1319.75,-6.2,SL
2018-03-07 22:00,2018-03-08 17:00,BUY,1325.12,1319.12,-6.2,SL
2018-03-07 23:00,2018-03-08 17:00,BUY,1325.35,1319.35,-6.2,SL
2018-03-08 02:00,2018-03-08 17:00,BUY,1326.18,1320.18,-6.2,SL
2018-03-08 03:00,2018-03-08 17:00,BUY,1326.88,1320.88,-6.2,SL
2018-03-08 04:00,2018-03-08 17:00,BUY,1327.46,1321.46,-6.2,SL
2018-03-08 06:00,2018-03-08 17:00,BUY,1327.48,1321.48,-6.2,SL
2018-03-08 07:00,2018-03-08 17:00,BUY,1326.89,1320.89,-6.2,SL
2018-03-07 18:00,2018-03-09 02:00,BUY,1324.34,1318.34,-6.2,SL
2018-03-08 01:00,2018-03-09 02:00,BUY,1324.52,1318.52,-6.2,SL
2018-03-07 21:00,2018-03-09 03:00,BUY,1323.53,1317.53,-6.2,SL
2018-03-09 08:00,2018-03-09 15:00,BUY,1319.05,1313.05,-6.2,SL
2018-03-09 11:00,2018-03-09 15:00,BUY,1319.02,1313.02,-6.2,SL
2018-03-09 12:00,2018-03-09 15:00,BUY,1319.76,1313.76,-6.2,SL
2018-03-09 07:00,2018-03-13 14:00,BUY,1318.41,1326.41,7.8,TP
2018-03-09 09:00,2018-03-13 14:00,BUY,1318.75,1326.75,7.8,TP
2018-03-09 10:00,2018-03-13 14:00,BUY,1318.6,1326.6,7.8,TP
2018-03-14 04:00,2018-03-14 14:00,BUY,1328.97,1322.97,-6.2,SL
2018-03-14 07:00,2018-03-14 14:00,BUY,1328.79,1322.79,-6.2,SL
2018-03-14 05:00,2018-03-14 16:00,BUY,1327.87,1321.87,-6.2,SL
2018-03-14 06:00,2018-03-14 16:00,BUY,1327.68,1321.68,-6.2,SL
2018-03-13 21:00,2018-03-15 14:00,BUY,1325.86,1319.86,-6.2,SL
2018-03-13 22:00,2018-03-15 14:00,BUY,1326.31,1320.31,-6.2,SL
2018-03-14 01:00,2018-03-15 14:00,BUY,1326.33,1320.33,-6.2,SL
2018-03-14 03:00,2018-03-15 14:00,BUY,1326.69,1320.69,-6.2,SL
2018-03-14 08:00,2018-03-15 14:00,BUY,1326.17,1320.17,-6.2,SL
2018-03-15 01:00,2018-03-15 14:00,BUY,1325.22,1319.22,-6.2,SL
2018-03-15 02:00,2018-03-15 14:00,BUY,1326.86,1320.86,-6.2,SL
2018-03-15 03:00,2018-03-15 14:00,BUY,1326.73,1320.73,-6.2,SL
2018-03-15 04:00,2018-03-15 14:00,BUY,1326.3,1320.3,-6.2,SL
2018-03-14 02:00,2018-03-15 15:00,BUY,1324.84,1318.84,-6.2,SL
2018-03-14 09:00,2018-03-15 15:00,BUY,1324.84,1318.84,-6.2,SL
2018-03-14 10:00,2018-03-15 15:00,BUY,1324.89,1318.89,-6.2,SL
2018-03-14 22:00,2018-03-15 15:00,BUY,1324.74,1318.74,-6.2,SL
2018-03-15 11:00,2018-03-15 16:00,BUY,1323.26,1317.26,-6.2,SL
2018-03-20 21:00,2018-03-21 09:00,SELL,1310.46,1316.46,-6.2,SL
2018-03-21 01:00,2018-03-21 09:00,SELL,1310.02,1316.02,-6.2,SL
2018-03-20 22:00,2018-03-21 10:00,SELL,1311.06,1317.06,-6.2,SL
2018-03-21 02:00,2018-03-21 10:00,SELL,1311.02,1317.02,-6.2,SL
2018-03-21 03:00,2018-03-21 15:00,SELL,1313.27,1319.27,-6.2,SL
2018-03-21 04:00,2018-03-21 15:00,SELL,1313.18,1319.18,-6.2,SL
2018-03-21 19:00,2018-03-21 20:00,SELL,1323.45,1329.45,-6.2,SL
2018-03-22 09:00,2018-03-22 18:00,BUY,1331.91,1325.91,-6.2,SL
2018-03-22 10:00,2018-03-22 18:00,BUY,1332.05,1326.05,-6.2,SL
2018-03-22 05:00,2018-03-23 02:00,BUY,1330.57,1338.57,7.8,TP
2018-03-22 06:00,2018-03-23 02:00,BUY,1329.85,1337.85,7.8,TP
2018-03-22 07:00,2018-03-23 02:00,BUY,1328.11,1336.11,7.8,TP
2018-03-22 08:00,2018-03-23 02:00,BUY,1330.22,1338.22,7.8,TP
2018-03-22 22:00,2018-03-23 02:00,BUY,1328.61,1336.61,7.8,TP
2018-03-23 01:00,2018-03-23 08:00,BUY,1332.71,1340.71,7.8,TP
2018-03-23 02:00,2018-03-23 14:00,BUY,1338.63,1346.63,7.8,TP
2018-03-23 03:00,2018-03-23 14:00,BUY,1337.56,1345.56,7.8,TP
2018-03-23 04:00,2018-03-23 14:00,BUY,1338.39,1346.39,7.8,TP
2018-03-23 05:00,2018-03-23 14:00,BUY,1338.46,1346.46,7.8,TP
2018-03-23 06:00,2018-03-23 14:00,BUY,1337.86,1345.86,7.8,TP
2018-03-23 07:00,2018-03-23 14:00,BUY,1338.25,1346.25,7.8,TP
2018-03-23 09:00,2018-03-23 14:00,BUY,1339.47,1347.47,7.8,TP
2018-03-23 08:00,2018-03-26 01:00,BUY,1342.89,1350.89,7.8,TP
2018-03-26 01:00,2018-03-26 09:00,BUY,1350.13,1344.13,-6.2,SL
2018-03-26 08:00,2018-03-26 16:00,BUY,1345.33,1353.33,7.8,TP
2018-03-23 19:00,2018-03-26 17:00,BUY,1347.31,1355.31,7.8,TP
2018-03-23 21:00,2018-03-26 17:00,BUY,1345.52,1353.52,7.8,TP
2018-03-23 22:00,2018-03-26 17:00,BUY,1347.51,1355.51,7.8,TP
2018-03-26 03:00,2018-03-26 17:00,BUY,1346.13,1354.13,7.8,TP
2018-03-26 04:00,2018-03-26 17:00,BUY,1346.98,1354.98,7.8,TP
2018-03-26 05:00,2018-03-26 17:00,BUY,1347.49,1355.49,7.8,TP
2018-03-23 20:00,2018-03-27 09:00,BUY,1348.66,1356.66,7.8,TP
2018-03-26 02:00,2018-03-27 09:00,BUY,1348.29,1356.29,7.8,TP
2018-03-26 06:00,2018-03-27 09:00,BUY,1347.95,1355.95,7.8,TP
2018-03-26 07:00,2018-03-27 09:00,BUY,1348.16,1356.16,7.8,TP
2018-03-26 20:00,2018-03-27 12:00,BUY,1354.72,1348.72,-6.2,SL
2018-03-26 21:00,2018-03-27 12:00,BUY,1354.65,1348.65,-6.2,SL
2018-03-27 09:00,2018-03-27 12:00,BUY,1355.44,1349.44,-6.2,SL
2018-03-26 22:00,2018-03-27 14:00,BUY,1352.8,1346.8,-6.2,SL
2018-03-26 23:00,2018-03-27 14:00,BUY,1353.44,1347.44,-6.2,SL
2018-03-27 01:00,2018-03-27 14:00,BUY,1353.39,1347.39,-6.2,SL
2018-03-27 02:00,2018-03-27 14:00,BUY,1352.85,1346.85,-6.2,SL
2018-03-27 03:00,2018-03-27 14:00,BUY,1351.12,1345.12,-6.2,SL
2018-03-27 04:00,2018-03-27 14:00,BUY,1351.72,1345.72,-6.2,SL
2018-03-27 05:00,2018-03-27 14:00,BUY,1352.69,1346.69,-6.2,SL
2018-03-27 06:00,2018-03-27 14:00,BUY,1353.98,1347.98,-6.2,SL
2018-03-27 07:00,2018-03-27 14:00,BUY,1353.74,1347.74,-6.2,SL
2018-03-28 01:00,2018-03-28 10:00,BUY,1345.38,1339.38,-6.2,SL
2018-03-27 18:00,2018-03-28 13:00,BUY,1342.91,1336.91,-6.2,SL
2018-03-27 19:00,2018-03-28 13:00,BUY,1344.9,1338.9,-6.2,SL
2018-03-27 20:00,2018-03-28 13:00,BUY,1343.61,1337.61,-6.2,SL
2018-03-27 21:00,2018-03-28 13:00,BUY,1343.82,1337.82,-6.2,SL
2018-03-27 22:00,2018-03-28 13:00,BUY,1344.43,1338.43,-6.2,SL
2018-03-27 23:00,2018-03-28 13:00,BUY,1344.59,1338.59,-6.2,SL
2018-04-04 05:00,2018-04-04 11:00,BUY,1334.68,1342.68,7.8,TP
2018-04-04 06:00,2018-04-04 11:00,BUY,1334.64,1342.64,7.8,TP
2018-04-04 07:00,2018-04-04 11:00,BUY,1335.13,1343.13,7.8,TP
2018-04-04 08:00,2018-04-04 11:00,BUY,1334.52,1342.52,7.8,TP
2018-04-04 09:00,2018-04-04 11:00,BUY,1334.32,1342.32,7.8,TP
2018-04-04 10:00,2018-04-04 15:00,BUY,1339.55,1347.55,7.8,TP
2018-04-04 11:00,2018-04-04 17:00,BUY,1342.01,1336.01,-6.2,SL
2018-04-04 12:00,2018-04-04 17:00,BUY,1342.83,1336.83,-6.2,SL
2018-04-04 13:00,2018-04-04 17:00,BUY,1342.89,1336.89,-6.2,SL
2018-04-04 14:00,2018-04-04 17:00,BUY,1346.73,1340.73,-6.2,SL
2018-04-04 15:00,2018-04-04 17:00,BUY,1347.13,1341.13,-6.2,SL
2018-04-04 16:00,2018-04-04 17:00,BUY,1342.02,1336.02,-6.2,SL
2018-04-04 17:00,2018-04-05 05:00,BUY,1335.95,1329.95,-6.2,SL
2018-04-04 19:00,2018-04-05 05:00,BUY,1336.31,1330.31,-6.2,SL
2018-04-04 20:00,2018-04-05 05:00,BUY,1336.13,1330.13,-6.2,SL
2018-04-04 18:00,2018-04-05 07:00,BUY,1334.48,1328.48,-6.2,SL
2018-04-05 01:00,2018-04-05 07:00,BUY,1334.24,1328.24,-6.2,SL
2018-04-04 21:00,2018-04-05 09:00,BUY,1333.45,1327.45,-6.2,SL
2018-04-04 22:00,2018-04-05 09:00,BUY,1333.32,1327.32,-6.2,SL
2018-04-04 23:00,2018-04-05 09:00,BUY,1333.24,1327.24,-6.2,SL
2018-04-05 02:00,2018-04-05 09:00,BUY,1333.47,1327.47,-6.2,SL
2018-04-05 03:00,2018-04-05 10:00,BUY,1330.61,1324.61,-6.2,SL
2018-04-05 04:00,2018-04-05 10:00,BUY,1330.49,1324.49,-6.2,SL
2018-04-05 05:00,2018-04-05 10:00,BUY,1330.89,1324.89,-6.2,SL
2018-04-05 06:00,2018-04-05 10:00,BUY,1330.58,1324.58,-6.2,SL
2018-04-05 08:00,2018-04-05 16:00,BUY,1328.83,1322.83,-6.2,SL
2018-04-06 02:00,2018-04-06 09:00,BUY,1330.91,1324.91,-6.2,SL
2018-04-06 03:00,2018-04-06 09:00,BUY,1330.68,1324.68,-6.2,SL
2018-04-06 04:00,2018-04-06 09:00,BUY,1332.59,1326.59,-6.2,SL
2018-04-06 05:00,2018-04-06 09:00,BUY,1331.02,1325.02,-6.2,SL
2018-04-05 07:00,2018-04-06 10:00,BUY,1328.49,1322.49,-6.2,SL
2018-04-05 09:00,2018-04-06 10:00,BUY,1326.33,1320.33,-6.2,SL
2018-04-05 10:00,2018-04-06 10:00,BUY,1326.65,1320.65,-6.2,SL
2018-04-05 11:00,2018-04-06 10:00,BUY,1326.12,1320.12,-6.2,SL
2018-04-05 22:00,2018-04-06 10:00,BUY,1326.61,1320.61,-6.2,SL
2018-04-05 23:00,2018-04-06 10:00,BUY,1326.37,1320.37,-6.2,SL
2018-04-06 01:00,2018-04-06 10:00,BUY,1328.95,1322.95,-6.2,SL
2018-04-06 06:00,2018-04-06 10:00,BUY,1330.29,1324.29,-6.2,SL
2018-04-09 12:00,2018-04-09 19:00,BUY,1327.58,1335.58,7.8,TP
2018-04-09 13:00,2018-04-09 19:00,BUY,1328.38,1336.38,7.8,TP
2018-04-09 11:00,2018-04-09 20:00,BUY,1328.89,1336.89,7.8,TP
2018-04-09 14:00,2018-04-09 21:00,BUY,1329.62,1337.62,7.8,TP
2018-04-09 16:00,2018-04-10 16:00,BUY,1332.16,1340.16,7.8,TP
2018-04-09 17:00,2018-04-10 16:00,BUY,1332.25,1340.25,7.8,TP
2018-04-09 15:00,2018-04-10 20:00,BUY,1333.58,1341.58,7.8,TP
2018-04-09 18:00,2018-04-10 20:00,BUY,1333.38,1341.38,7.8,TP
2018-04-10 18:00,2018-04-11 13:00,BUY,1338.6,1346.6,7.8,TP
2018-04-10 20:00,2018-04-11 13:00,BUY,1338.92,1346.92,7.8,TP
2018-04-10 23:00,2018-04-11 13:00,BUY,1339.08,1347.08,7.8,TP
2018-04-10 17:00,2018-04-11 14:00,BUY,1339.72,1347.72,7.8,TP
2018-04-10 19:00,2018-04-11 14:00,BUY,1339.47,1347.47,7.8,TP
2018-04-10 21:00,2018-04-11 14:00,BUY,1341.77,1349.77,7.8,TP
2018-04-10 22:00,2018-04-11 14:00,BUY,1340.52,1348.52,7.8,TP
2018-04-11 01:00,2018-04-11 14:00,BUY,1340.42,1348.42,7.8,TP
2018-04-11 02:00,2018-04-11 14:00,BUY,1341.82,1349.82,7.8,TP
2018-04-11 03:00,2018-04-11 14:00,BUY,1341.66,1349.66,7.8,TP
2018-04-11 04:00,2018-04-11 14:00,BUY,1340.02,1348.02,7.8,TP
2018-04-11 05:00,2018-04-11 14:00,BUY,1340.18,1348.18,7.8,TP
2018-04-11 06:00,2018-04-11 14:00,BUY,1341.51,1349.51,7.8,TP
2018-04-11 07:00,2018-04-11 14:00,BUY,1341.74,1349.74,7.8,TP
2018-04-11 08:00,2018-04-11 14:00,BUY,1342.23,1350.23,7.8,TP
2018-04-12 06:00,2018-04-12 13:00,BUY,1351.08,1345.08,-6.2,SL
2018-04-12 08:00,2018-04-12 13:00,BUY,1350.52,1344.52,-6.2,SL
2018-04-12 07:00,2018-04-12 15:00,BUY,1349.49,1343.49,-6.2,SL
2018-04-13 05:00,2018-04-13 14:00,BUY,1340.49,1334.49,-6.2,SL
2018-04-13 06:00,2018-04-13 14:00,BUY,1340.35,1334.35,-6.2,SL
2018-04-13 07:00,2018-04-13 14:00,BUY,1340.43,1334.43,-6.2,SL
2018-04-13 10:00,2018-04-13 14:00,BUY,1339.82,1333.82,-6.2,SL
2018-04-13 11:00,2018-04-13 14:00,BUY,1341.12,1335.12,-6.2,SL
2018-04-13 12:00,2018-04-13 14:00,BUY,1340.57,1334.57,-6.2,SL
2018-04-13 02:00,2018-04-13 17:00,BUY,1337.76,1345.76,7.8,TP
2018-04-13 03:00,2018-04-13 17:00,BUY,1337.79,1345.79,7.8,TP
2018-04-13 09:00,2018-04-13 17:00,BUY,1337.23,1345.23,7.8,TP
2018-04-13 14:00,2018-04-13 17:00,BUY,1336.4,1344.4,7.8,TP
2018-04-13 01:00,2018-04-13 18:00,BUY,1338.24,1346.24,7.8,TP
2018-04-13 04:00,2018-04-13 18:00,BUY,1338.41,1346.41,7.8,TP
2018-04-13 08:00,2018-04-13 18:00,BUY,1338.41,1346.41,7.8,TP
2018-04-13 15:00,2018-04-13 18:00,BUY,1338.62,1346.62,7.8,TP
2018-04-13 13:00,2018-04-13 19:00,BUY,1338.99,1346.99,7.8,TP
2018-04-13 19:00,2018-04-16 01:00,BUY,1346.52,1340.52,-6.2,SL
2018-04-16 04:00,2018-04-16 10:00,BUY,1347.28,1341.28,-6.2,SL
2018-04-16 05:00,2018-04-16 10:00,BUY,1348.2,1342.2,-6.2,SL
2018-04-16 01:00,2018-04-16 17:00,BUY,1342.07,1350.07,7.8,TP
2018-04-13 16:00,2018-04-17 15:00,BUY,1343.76,1337.76,-6.2,SL
2018-04-13 17:00,2018-04-17 15:00,BUY,1345.35,1339.35,-6.2,SL
2018-04-13 18:00,2018-04-17 15:00,BUY,1345.14,1339.14,-6.2,SL
2018-04-13 20:00,2018-04-17 15:00,BUY,1343.66,1337.66,-6.2,SL
2018-04-13 21:00,2018-04-17 15:00,BUY,1344.73,1338.73,-6.2,SL
2018-04-13 22:00,2018-04-17 15:00,BUY,1344.36,1338.36,-6.2,SL
2018-04-13 23:00,2018-04-17 15:00,BUY,1345.07,1339.07,-6.2,SL
2018-04-16 02:00,2018-04-17 15:00,BUY,1343.8,1337.8,-6.2,SL
2018-04-16 03:00,2018-04-17 15:00,BUY,1343.94,1337.94,-6.2,SL
2018-04-18 03:00,2018-04-18 15:00,BUY,1345.07,1353.07,7.8,TP
2018-04-18 04:00,2018-04-18 15:00,BUY,1343.91,1351.91,7.8,TP
2018-04-18 05:00,2018-04-18 15:00,BUY,1344.11,1352.11,7.8,TP
2018-04-18 06:00,2018-04-18 15:00,BUY,1344.74,1352.74,7.8,TP
2018-04-18 07:00,2018-04-18 15:00,BUY,1343.47,1351.47,7.8,TP
2018-04-18 08:00,2018-04-18 15:00,BUY,1343.21,1351.21,7.8,TP
2018-04-18 09:00,2018-04-18 15:00,BUY,1345.46,1353.46,7.8,TP
2018-04-18 11:00,2018-04-18 15:00,BUY,1344.27,1352.27,7.8,TP
2018-04-18 12:00,2018-04-18 15:00,BUY,1345.16,1353.16,7.8,TP
2018-04-18 01:00,2018-04-18 16:00,BUY,1346.6,1354.6,7.8,TP
2018-04-18 02:00,2018-04-18 16:00,BUY,1346.25,1354.25,7.8,TP
2018-04-18 10:00,2018-04-18 16:00,BUY,1346.11,1354.11,7.8,TP
2018-04-18 15:00,2018-04-19 12:00,BUY,1353.18,1347.18,-6.2,SL
2018-04-18 16:00,2018-04-19 12:00,BUY,1351.95,1345.95,-6.2,SL
2018-04-18 17:00,2018-04-19 12:00,BUY,1350.68,1344.68,-6.2,SL
2018-04-18 18:00,2018-04-19 12:00,BUY,1350.91,1344.91,-6.2,SL
2018-04-18 19:00,2018-04-19 12:00,BUY,1351.8,1345.8,-6.2,SL
2018-04-18 13:00,2018-04-19 18:00,BUY,1349.12,1343.12,-6.2,SL
2018-04-18 14:00,2018-04-19 18:00,BUY,1350.09,1344.09,-6.2,SL
2018-04-20 13:00,2018-04-23 01:00,BUY,1340.71,1334.71,-6.2,SL
2018-04-20 14:00,2018-04-23 01:00,BUY,1340.46,1334.46,-6.2,SL
2018-04-20 15:00,2018-04-23 01:00,BUY,1339.33,1333.33,-6.2,SL
2018-04-20 18:00,2018-04-23 01:00,BUY,1337.96,1331.96,-6.2,SL
2018-04-20 19:00,2018-04-23 01:00,BUY,1337.74,1331.74,-6.2,SL
2018-04-20 17:00,2018-04-23 10:00,BUY,1337.54,1331.54,-6.2,SL
2018-04-20 16:00,2018-04-23 11:00,BUY,1336.64,1330.64,-6.2,SL
2018-04-20 20:00,2018-04-23 11:00,BUY,1336.98,1330.98,-6.2,SL
2018-04-20 21:00,2018-04-23 11:00,BUY,1335.47,1329.47,-6.2,SL
2018-04-20 22:00,2018-04-23 11:00,BUY,1335.51,1329.51,-6.2,SL
2018-04-20 23:00,2018-04-23 11:00,BUY,1335.44,1329.44,-6.2,SL
2018-04-23 03:00,2018-04-23 12:00,BUY,1333.37,1327.37,-6.2,SL
2018-04-23 04:00,2018-04-23 12:00,BUY,1334.51,1328.51,-6.2,SL
2018-04-23 05:00,2018-04-23 12:00,BUY,1333.49,1327.49,-6.2,SL
2018-04-23 06:00,2018-04-23 12:00,BUY,1334.21,1328.21,-6.2,SL
2018-04-23 01:00,2018-04-23 14:00,BUY,1332.99,1326.99,-6.2,SL
2018-04-23 02:00,2018-04-23 14:00,BUY,1332.91,1326.91,-6.2,SL
2018-04-25 17:00,2018-04-26 10:00,SELL,1319.94,1325.94,-6.2,SL
2018-04-25 13:00,2018-04-26 18:00,SELL,1324.6,1316.6,7.8,TP
2018-04-26 03:00,2018-04-26 18:00,SELL,1323.33,1315.33,7.8,TP
2018-04-26 04:00,2018-04-26 18:00,SELL,1323.97,1315.97,7.8,TP
2018-04-26 10:00,2018-04-26 18:00,SELL,1323.59,1315.59,7.8,TP
2018-04-27 11:00,2018-04-27 15:00,SELL,1316.4,1322.4,-6.2,SL
2018-04-27 12:00,2018-04-27 21:00,SELL,1318.08,1324.08,-6.2,SL
2018-04-27 14:00,2018-04-27 21:00,SELL,1318.45,1324.45,-6.2,SL
2018-04-30 04:00,2018-04-30 11:00,SELL,1324.61,1316.61,7.8,TP
2018-04-25 14:00,2018-04-30 14:00,SELL,1320.69,1312.69,7.8,TP
2018-04-25 16:00,2018-04-30 14:00,SELL,1321.89,1313.89,7.8,TP
2018-04-25 18:00,2018-04-30 14:00,SELL,1321.22,1313.22,7.8,TP
2018-04-25 19:00,2018-04-30 14:00,SELL,1322.22,1314.22,7.8,TP
2018-04-25 20:00,2018-04-30 14:00,SELL,1321.88,1313.88,7.8,TP
2018-04-25 21:00,2018-04-30 14:00,SELL,1321.71,1313.71,7.8,TP
2018-04-25 22:00,2018-04-30 14:00,SELL,1322.7,1314.7,7.8,TP
2018-04-25 23:00,2018-04-30 14:00,SELL,1322.88,1314.88,7.8,TP
2018-04-26 01:00,2018-04-30 14:00,SELL,1322.12,1314.12,7.8,TP
2018-04-26 02:00,2018-04-30 14:00,SELL,1322.65,1314.65,7.8,TP
2018-04-30 05:00,2018-04-30 14:00,SELL,1322.16,1314.16,7.8,TP
2018-04-30 06:00,2018-04-30 14:00,SELL,1321.21,1313.21,7.8,TP
2018-04-25 15:00,2018-04-30 15:00,SELL,1320.58,1312.58,7.8,TP
2018-04-27 13:00,2018-04-30 16:00,SELL,1319.65,1311.65,7.8,TP
2018-05-01 17:00,2018-05-02 04:00,SELL,1303.11,1309.11,-6.2,SL
2018-05-01 16:00,2018-05-02 06:00,SELL,1305.71,1311.71,-6.2,SL
2018-05-01 18:00,2018-05-02 06:00,SELL,1305.91,1311.91,-6.2,SL
2018-05-01 19:00,2018-05-02 21:00,SELL,1307.06,1313.06,-6.2,SL
2018-05-01 14:00,2018-05-03 14:00,SELL,1308.42,1314.42,-6.2,SL
2018-05-01 15:00,2018-05-03 14:00,SELL,1307.98,1313.98,-6.2,SL
2018-05-03 14:00,2018-05-04 10:00,SELL,1317.66,1309.66,7.8,TP
2018-05-03 22:00,2018-05-07 03:00,SELL,1311.22,1317.22,-6.2,SL
2018-05-04 10:00,2018-05-07 03:00,SELL,1310.18,1316.18,-6.2,SL
2018-05-03 19:00,2018-05-07 04:00,SELL,1312.58,1318.58,-6.2,SL
2018-05-03 23:00,2018-05-07 04:00,SELL,1312.19,1318.19,-6.2,SL
2018-05-04 01:00,2018-05-07 04:00,SELL,1312.66,1318.66,-6.2,SL
2018-05-04 02:00,2018-05-07 04:00,SELL,1312.8,1318.8,-6.2,SL
2018-05-04 03:00,2018-05-07 04:00,SELL,1312.05,1318.05,-6.2,SL
2018-05-03 15:00,2018-05-08 16:00,SELL,1315.48,1307.48,7.8,TP
2018-05-03 16:00,2018-05-08 16:00,SELL,1315.0,1307.0,7.8,TP
2018-05-09 02:00,2018-05-09 09:00,SELL,1316.35,1308.35,7.8,TP
2018-05-03 17:00,2018-05-09 10:00,SELL,1313.37,1305.37,7.8,TP
2018-05-03 18:00,2018-05-09 10:00,SELL,1313.85,1305.85,7.8,TP
2018-05-03 20:00,2018-05-09 10:00,SELL,1313.29,1305.29,7.8,TP
2018-05-03 21:00,2018-05-09 10:00,SELL,1313.85,1305.85,7.8,TP
2018-05-04 04:00,2018-05-09 10:00,SELL,1313.74,1305.74,7.8,TP
2018-05-04 05:00,2018-05-09 10:00,SELL,1313.57,1305.57,7.8,TP
2018-05-07 18:00,2018-05-09 10:00,SELL,1313.9,1305.9,7.8,TP
2018-05-07 19:00,2018-05-09 10:00,SELL,1313.86,1305.86,7.8,TP
2018-05-09 01:00,2018-05-09 10:00,SELL,1315.02,1307.02,7.8,TP
2018-05-09 03:00,2018-05-09 10:00,SELL,1313.17,1305.17,7.8,TP
2018-05-09 04:00,2018-05-09 17:00,SELL,1311.22,1317.22,-6.2,SL
2018-05-10 08:00,2018-05-10 15:00,SELL,1313.43,1319.43,-6.2,SL
2018-05-11 05:00,2018-05-11 15:00,SELL,1319.78,1325.78,-6.2,SL
2018-05-11 18:00,2018-05-14 21:00,SELL,1321.93,1313.93,7.8,TP
2018-05-11 19:00,2018-05-14 21:00,SELL,1321.96,1313.96,7.8,TP
2018-05-11 20:00,2018-05-14 21:00,SELL,1321.43,1313.43,7.8,TP
2018-05-14 03:00,2018-05-14 21:00,SELL,1322.06,1314.06,7.8,TP
2018-05-14 04:00,2018-05-14 21:00,SELL,1321.22,1313.22,7.8,TP
2018-05-11 04:00,2018-05-15 07:00,SELL,1320.29,1312.29,7.8,TP
2018-05-11 06:00,2018-05-15 07:00,SELL,1319.92,1311.92,7.8,TP
2018-05-11 21:00,2018-05-15 07:00,SELL,1319.95,1311.95,7.8,TP
2018-05-14 02:00,2018-05-15 07:00,SELL,1320.11,1312.11,7.8,TP
2018-05-14 05:00,2018-05-15 07:00,SELL,1320.85,1312.85,7.8,TP
2018-05-14 06:00,2018-05-15 07:00,SELL,1320.26,1312.26,7.8,TP
2018-05-14 07:00,2018-05-15 07:00,SELL,1319.33,1311.33,7.8,TP
2018-05-11 22:00,2018-05-15 08:00,SELL,1319.07,1311.07,7.8,TP
2018-05-14 01:00,2018-05-15 08:00,SELL,1318.86,1310.86,7.8,TP
2018-05-11 23:00,2018-05-15 11:00,SELL,1317.93,1309.93,7.8,TP
2018-05-17 19:00,2018-05-21 09:00,SELL,1291.36,1283.36,7.8,TP
2018-05-17 21:00,2018-05-21 09:00,SELL,1291.09,1283.09,7.8,TP
2018-05-17 22:00,2018-05-21 09:00,SELL,1291.02,1283.02,7.8,TP
2018-05-17 20:00,2018-05-21 10:00,SELL,1290.79,1282.79,7.8,TP
2018-05-17 23:00,2018-05-21 10:00,SELL,1290.77,1282.77,7.8,TP
2018-05-18 01:00,2018-05-21 10:00,SELL,1290.54,1282.54,7.8,TP
2018-05-18 09:00,2018-05-21 10:00,SELL,1290.2,1282.2,7.8,TP
2018-05-17 18:00,2018-05-22 11:00,SELL,1288.63,1294.63,-6.2,SL
2018-05-18 02:00,2018-05-22 11:00,SELL,1289.51,1295.51,-6.2,SL
2018-05-18 03:00,2018-05-22 11:00,SELL,1289.9,1295.9,-6.2,SL
2018-05-18 04:00,2018-05-22 11:00,SELL,1288.73,1294.73,-6.2,SL
2018-05-18 05:00,2018-05-22 11:00,SELL,1288.63,1294.63,-6.2,SL
2018-05-18 06:00,2018-05-22 11:00,SELL,1288.71,1294.71,-6.2,SL
2018-05-18 07:00,2018-05-22 11:00,SELL,1288.5,1294.5,-6.2,SL
2018-05-18 08:00,2018-05-22 11:00,SELL,1289.89,1295.89,-6.2,SL
2018-05-22 07:00,2018-05-22 11:00,SELL,1289.46,1295.46,-6.2,SL
2018-05-22 08:00,2018-05-23 12:00,SELL,1290.29,1296.29,-6.2,SL
2018-05-23 04:00,2018-05-24 15:00,SELL,1293.28,1299.28,-6.2,SL
2018-05-23 05:00,2018-05-24 15:00,SELL,1292.52,1298.52,-6.2,SL
2018-05-24 02:00,2018-05-24 16:00,SELL,1294.93,1300.93,-6.2,SL
2018-05-24 03:00,2018-05-24 16:00,SELL,1295.06,1301.06,-6.2,SL
2018-05-24 04:00,2018-05-24 16:00,SELL,1294.2,1300.2,-6.2,SL
2018-05-28 01:00,2018-05-29 11:00,SELL,1297.49,1303.49,-6.2,SL
2018-05-28 02:00,2018-05-29 11:00,SELL,1298.78,1304.78,-6.2,SL
2018-05-28 03:00,2018-05-29 11:00,SELL,1298.92,1304.92,-6.2,SL
2018-05-28 04:00,2018-05-29 11:00,SELL,1298.46,1304.46,-6.2,SL
2018-05-28 05:00,2018-05-29 11:00,SELL,1297.87,1303.87,-6.2,SL
2018-05-28 06:00,2018-05-29 11:00,SELL,1298.62,1304.62,-6.2,SL
2018-05-28 07:00,2018-05-29 11:00,SELL,1298.88,1304.88,-6.2,SL
2018-05-28 08:00,2018-05-29 11:00,SELL,1297.21,1303.21,-6.2,SL
2018-05-28 09:00,2018-05-29 11:00,SELL,1296.81,1302.81,-6.2,SL
2018-05-28 10:00,2018-05-29 11:00,SELL,1297.41,1303.41,-6.2,SL
2018-05-28 11:00,2018-05-29 11:00,SELL,1297.32,1303.32,-6.2,SL
2018-05-25 07:00,2018-05-29 16:00,SELL,1302.35,1294.35,7.8,TP
2018-05-31 09:00,2018-06-01 13:00,SELL,1304.92,1296.92,7.8,TP
2018-05-31 02:00,2018-06-01 14:00,SELL,1302.54,1294.54,7.8,TP
2018-05-31 03:00,2018-06-01 14:00,SELL,1303.18,1295.18,7.8,TP
2018-05-31 06:00,2018-06-01 14:00,SELL,1302.57,1294.57,7.8,TP
2018-05-31 07:00,2018-06-01 14:00,SELL,1303.16,1295.16,7.8,TP
2018-05-31 08:00,2018-06-01 14:00,SELL,1303.32,1295.32,7.8,TP
2018-05-30 18:00,2018-06-01 15:00,SELL,1301.89,1293.89,7.8,TP
2018-05-30 19:00,2018-06-01 15:00,SELL,1302.0,1294.0,7.8,TP
2018-05-30 20:00,2018-06-01 15:00,SELL,1301.36,1293.36,7.8,TP
2018-05-30 21:00,2018-06-01 15:00,SELL,1301.94,1293.94,7.8,TP
2018-05-30 22:00,2018-06-01 15:00,SELL,1302.12,1294.12,7.8,TP
2018-05-30 23:00,2018-06-01 15:00,SELL,1301.55,1293.55,7.8,TP
2018-05-31 01:00,2018-06-01 15:00,SELL,1302.14,1294.14,7.8,TP
2018-05-31 04:00,2018-06-01 15:00,SELL,1301.64,1293.64,7.8,TP
2018-05-31 05:00,2018-06-01 15:00,SELL,1302.07,1294.07,7.8,TP
2018-06-06 12:00,2018-06-06 16:00,SELL,1295.05,1301.05,-6.2,SL
2018-06-06 13:00,2018-06-06 16:00,SELL,1294.77,1300.77,-6.2,SL
2018-06-06 07:00,2018-06-07 15:00,SELL,1296.63,1302.63,-6.2,SL
2018-06-06 11:00,2018-06-07 15:00,SELL,1296.89,1302.89,-6.2,SL
2018-06-06 14:00,2018-06-07 15:00,SELL,1295.99,1301.99,-6.2,SL
2018-06-06 20:00,2018-06-07 15:00,SELL,1295.12,1301.12,-6.2,SL
2018-06-06 21:00,2018-06-07 15:00,SELL,1295.87,1301.87,-6.2,SL
2018-06-06 16:00,2018-06-08 08:00,SELL,1300.5,1292.5,7.8,TP
2018-06-06 05:00,2018-06-14 10:00,SELL,1297.19,1303.19,-6.2,SL
2018-06-06 06:00,2018-06-14 10:00,SELL,1297.39,1303.39,-6.2,SL
2018-06-06 19:00,2018-06-14 10:00,SELL,1297.49,1303.49,-6.2,SL
2018-06-06 08:00,2018-06-14 12:00,SELL,1298.66,1304.66,-6.2,SL
2018-06-06 09:00,2018-06-14 12:00,SELL,1297.83,1303.83,-6.2,SL
2018-06-06 10:00,2018-06-14 12:00,SELL,1298.2,1304.2,-6.2,SL
2018-06-06 15:00,2018-06-14 12:00,SELL,1298.08,1304.08,-6.2,SL
2018-06-06 17:00,2018-06-14 12:00,SELL,1299.13,1305.13,-6.2,SL
2018-06-06 18:00,2018-06-14 14:00,SELL,1299.79,1305.79,-6.2,SL
2018-06-15 11:00,2018-06-15 16:00,SELL,1299.58,1291.58,7.8,TP
2018-06-15 12:00,2018-06-15 16:00,SELL,1298.88,1290.88,7.8,TP
2018-06-15 13:00,2018-06-15 16:00,SELL,1299.49,1291.49,7.8,TP
2018-06-15 14:00,2018-06-15 16:00,SELL,1298.14,1290.14,7.8,TP
2018-06-15 15:00,2018-06-15 16:00,SELL,1292.27,1284.27,7.8,TP
2018-06-15 16:00,2018-06-15 19:00,SELL,1283.73,1275.73,7.8,TP
2018-06-15 19:00,2018-06-19 03:00,SELL,1276.45,1282.45,-6.2,SL
2018-06-15 18:00,2018-06-19 05:00,SELL,1277.75,1283.75,-6.2,SL
2018-06-15 17:00,2018-06-19 14:00,SELL,1280.46,1272.46,7.8,TP
2018-06-15 22:00,2018-06-19 14:00,SELL,1280.33,1272.33,7.8,TP
2018-06-15 20:00,2018-06-19 15:00,SELL,1278.72,1270.72,7.8,TP
2018-06-15 21:00,2018-06-19 15:00,SELL,1279.64,1271.64,7.8,TP
2018-06-19 20:00,2018-06-20 23:00,SELL,1275.65,1267.65,7.8,TP
2018-06-19 21:00,2018-06-21 04:00,SELL,1275.26,1267.26,7.8,TP
2018-06-19 22:00,2018-06-21 04:00,SELL,1275.43,1267.43,7.8,TP
2018-06-20 02:00,2018-06-21 04:00,SELL,1274.94,1266.94,7.8,TP
2018-06-20 04:00,2018-06-21 04:00,SELL,1274.93,1266.93,7.8,TP
2018-06-20 01:00,2018-06-21 05:00,SELL,1274.68,1266.68,7.8,TP
2018-06-19 23:00,2018-06-21 06:00,SELL,1274.46,1266.46,7.8,TP
2018-06-20 03:00,2018-06-21 06:00,SELL,1273.89,1265.89,7.8,TP
2018-06-20 05:00,2018-06-21 06:00,SELL,1274.05,1266.05,7.8,TP
2018-06-20 06:00,2018-06-21 06:00,SELL,1273.67,1265.67,7.8,TP
2018-06-20 07:00,2018-06-21 06:00,SELL,1273.88,1265.88,7.8,TP
2018-06-20 08:00,2018-06-21 06:00,SELL,1274.28,1266.28,7.8,TP
2018-06-20 09:00,2018-06-21 06:00,SELL,1273.46,1265.46,7.8,TP
2018-06-20 10:00,2018-06-21 06:00,SELL,1273.52,1265.52,7.8,TP
2018-06-20 11:00,2018-06-21 08:00,SELL,1272.46,1264.46,7.8,TP
2018-06-22 13:00,2018-06-26 10:00,SELL,1269.29,1261.29,7.8,TP
2018-06-22 14:00,2018-06-26 10:00,SELL,1269.68,1261.68,7.8,TP
2018-06-22 15:00,2018-06-26 10:00,SELL,1268.59,1260.59,7.8,TP
2018-06-25 12:00,2018-06-26 10:00,SELL,1269.38,1261.38,7.8,TP
2018-06-25 14:00,2018-06-26 10:00,SELL,1269.4,1261.4,7.8,TP
2018-06-20 23:00,2018-06-26 11:00,SELL,1267.56,1259.56,7.8,TP
2018-06-25 13:00,2018-06-26 11:00,SELL,1267.13,1259.13,7.8,TP
2018-06-25 15:00,2018-06-26 11:00,SELL,1267.28,1259.28,7.8,TP
2018-06-25 16:00,2018-06-26 11:00,SELL,1267.6,1259.6,7.8,TP
2018-06-25 17:00,2018-06-26 11:00,SELL,1266.81,1258.81,7.8,TP
2018-06-25 18:00,2018-06-26 11:00,SELL,1266.27,1258.27,7.8,TP
2018-06-25 19:00,2018-06-26 11:00,SELL,1265.89,1257.89,7.8,TP
2018-06-25 20:00,2018-06-26 11:00,SELL,1266.72,1258.72,7.8,TP
2018-06-25 21:00,2018-06-26 11:00,SELL,1267.89,1259.89,7.8,TP
2018-06-25 22:00,2018-06-26 12:00,SELL,1265.38,1257.38,7.8,TP
2018-07-03 04:00,2018-07-03 10:00,SELL,1238.88,1244.88,-6.2,SL
2018-07-03 07:00,2018-07-03 10:00,SELL,1238.49,1244.49,-6.2,SL
2018-07-03 05:00,2018-07-03 11:00,SELL,1239.77,1245.77,-6.2,SL
2018-07-03 06:00,2018-07-03 11:00,SELL,1239.66,1245.66,-6.2,SL
2018-07-03 03:00,2018-07-03 14:00,SELL,1241.84,1247.84,-6.2,SL
2018-07-04 09:00,2018-07-05 12:00,SELL,1260.61,1252.61,7.8,TP
2018-07-05 12:00,2018-07-05 18:00,SELL,1251.81,1257.81,-6.2,SL
2018-07-04 14:00,2018-07-09 09:00,SELL,1254.67,1260.67,-6.2,SL
2018-07-04 15:00,2018-07-09 09:00,SELL,1255.94,1261.94,-6.2,SL
2018-07-04 17:00,2018-07-09 09:00,SELL,1255.56,1261.56,-6.2,SL
2018-07-05 04:00,2018-07-09 09:00,SELL,1255.8,1261.8,-6.2,SL
2018-07-05 05:00,2018-07-09 09:00,SELL,1256.03,1262.03,-6.2,SL
2018-07-04 07:00,2018-07-09 12:00,SELL,1256.58,1262.58,-6.2,SL
2018-07-04 11:00,2018-07-09 12:00,SELL,1256.68,1262.68,-6.2,SL
2018-07-04 12:00,2018-07-09 12:00,SELL,1256.61,1262.61,-6.2,SL
2018-07-04 13:00,2018-07-09 12:00,SELL,1257.01,1263.01,-6.2,SL
2018-07-04 16:00,2018-07-09 12:00,SELL,1256.34,1262.34,-6.2,SL
2018-07-04 18:00,2018-07-09 12:00,SELL,1256.14,1262.14,-6.2,SL
2018-07-05 03:00,2018-07-09 12:00,SELL,1256.31,1262.31,-6.2,SL
2018-07-05 18:00,2018-07-09 12:00,SELL,1257.31,1263.31,-6.2,SL
2018-07-04 08:00,2018-07-09 13:00,SELL,1257.87,1263.87,-6.2,SL
2018-07-04 10:00,2018-07-09 13:00,SELL,1257.94,1263.94,-6.2,SL
2018-07-10 19:00,2018-07-11 18:00,SELL,1254.37,1246.37,7.8,TP
2018-07-10 20:00,2018-07-11 18:00,SELL,1255.86,1247.86,7.8,TP
2018-07-10 21:00,2018-07-11 18:00,SELL,1254.94,1246.94,7.8,TP
2018-07-10 22:00,2018-07-11 18:00,SELL,1255.35,1247.35,7.8,TP
2018-07-10 23:00,2018-07-11 18:00,SELL,1255.93,1247.93,7.8,TP
2018-07-16 06:00,2018-07-17 16:00,SELL,1243.35,1235.35,7.8,TP
2018-07-16 07:00,2018-07-17 16:00,SELL,1243.93,1235.93,7.8,TP
2018-07-16 08:00,2018-07-17 16:00,SELL,1244.94,1236.94,7.8,TP
2018-07-16 09:00,2018-07-17 16:00,SELL,1243.77,1235.77,7.8,TP
2018-07-16 10:00,2018-07-17 16:00,SELL,1242.8,1234.8,7.8,TP
2018-07-16 11:00,2018-07-17 16:00,SELL,1243.86,1235.86,7.8,TP
2018-07-16 12:00,2018-07-17 16:00,SELL,1244.14,1236.14,7.8,TP
2018-07-16 13:00,2018-07-17 16:00,SELL,1244.24,1236.24,7.8,TP
2018-07-16 14:00,2018-07-17 16:00,SELL,1243.52,1235.52,7.8,TP
2018-07-16 15:00,2018-07-17 16:00,SELL,1241.96,1233.96,7.8,TP
2018-07-16 16:00,2018-07-17 16:00,SELL,1241.26,1233.26,7.8,TP
2018-07-16 17:00,2018-07-17 16:00,SELL,1239.89,1231.89,7.8,TP
2018-07-16 18:00,2018-07-17 16:00,SELL,1239.55,1231.55,7.8,TP
2018-07-17 08:00,2018-07-17 16:00,SELL,1241.07,1233.07,7.8,TP
2018-07-17 09:00,2018-07-17 16:00,SELL,1242.9,1234.9,7.8,TP
2018-07-17 16:00,2018-07-18 09:00,SELL,1231.72,1223.72,7.8,TP
2018-07-20 07:00,2018-07-20 15:00,SELL,1221.87,1227.87,-6.2,SL
2018-07-20 08:00,2018-07-20 15:00,SELL,1222.11,1228.11,-6.2,SL
2018-07-20 09:00,2018-07-20 15:00,SELL,1223.48,1229.48,-6.2,SL
2018-07-20 10:00,2018-07-20 15:00,SELL,1223.27,1229.27,-6.2,SL
2018-07-20 11:00,2018-07-20 15:00,SELL,1222.62,1228.62,-6.2,SL
2018-07-20 12:00,2018-07-20 16:00,SELL,1225.52,1231.52,-6.2,SL
2018-07-20 13:00,2018-07-20 16:00,SELL,1224.24,1230.24,-6.2,SL
2018-07-20 14:00,2018-07-20 16:00,SELL,1224.67,1230.67,-6.2,SL
2018-07-20 17:00,2018-07-23 03:00,SELL,1228.39,1234.39,-6.2,SL
2018-07-20 18:00,2018-07-23 03:00,SELL,1229.01,1235.01,-6.2,SL
2018-07-23 02:00,2018-07-23 16:00,SELL,1232.78,1224.78,7.8,TP
2018-07-23 01:00,2018-07-23 18:00,SELL,1231.83,1223.83,7.8,TP
2018-07-20 20:00,2018-07-23 19:00,SELL,1230.54,1222.54,7.8,TP
2018-07-20 22:00,2018-07-23 19:00,SELL,1230.6,1222.6,7.8,TP
2018-07-20 23:00,2018-07-23 19:00,SELL,1231.59,1223.59,7.8,TP
2018-07-23 07:00,2018-07-23 19:00,SELL,1231.71,1223.71,7.8,TP
2018-07-23 10:00,2018-07-23 19:00,SELL,1230.92,1222.92,7.8,TP
2018-07-20 15:00,2018-07-24 04:00,SELL,1229.92,1221.92,7.8,TP
2018-07-20 16:00,2018-07-24 04:00,SELL,1229.29,1221.29,7.8,TP
2018-07-20 19:00,2018-07-24 04:00,SELL,1229.52,1221.52,7.8,TP
2018-07-20 21:00,2018-07-24 04:00,SELL,1229.98,1221.98,7.8,TP
2018-07-23 08:00,2018-07-24 04:00,SELL,1229.95,1221.95,7.8,TP
2018-07-23 09:00,2018-07-24 04:00,SELL,1229.77,1221.77,7.8,TP
2018-07-23 12:00,2018-07-24 04:00,SELL,1228.9,1220.9,7.8,TP
2018-07-23 11:00,2018-07-24 07:00,SELL,1228.41,1220.41,7.8,TP
2018-07-24 07:00,2018-07-24 10:00,SELL,1219.08,1225.08,-6.2,SL
2018-07-24 08:00,2018-07-24 13:00,SELL,1220.55,1226.55,-6.2,SL
2018-07-24 06:00,2018-07-24 14:00,SELL,1221.78,1227.78,-6.2,SL
2018-07-24 05:00,2018-07-24 16:00,SELL,1223.04,1229.04,-6.2,SL
2018-07-24 03:00,2018-07-24 17:00,SELL,1223.24,1229.24,-6.2,SL
2018-07-23 16:00,2018-07-25 12:00,SELL,1225.15,1231.15,-6.2,SL
2018-07-24 04:00,2018-07-25 12:00,SELL,1223.46,1229.46,-6.2,SL
2018-07-26 07:00,2018-07-26 21:00,SELL,1231.53,1223.53,7.8,TP
2018-07-26 08:00,2018-07-27 11:00,SELL,1229.72,1221.72,7.8,TP
2018-07-26 09:00,2018-07-27 11:00,SELL,1229.67,1221.67,7.8,TP
2018-07-26 10:00,2018-07-27 11:00,SELL,1227.85,1219.85,7.8,TP
2018-07-26 11:00,2018-07-27 11:00,SELL,1228.12,1220.12,7.8,TP
2018-07-26 12:00,2018-07-27 11:00,SELL,1228.25,1220.25,7.8,TP
2018-07-26 13:00,2018-07-27 11:00,SELL,1228.36,1220.36,7.8,TP
2018-07-26 14:00,2018-07-27 11:00,SELL,1227.97,1219.97,7.8,TP
2018-07-26 15:00,2018-07-27 11:00,SELL,1226.78,1218.78,7.8,TP
2018-07-26 16:00,2018-07-27 11:00,SELL,1228.22,1220.22,7.8,TP
2018-07-26 19:00,2018-07-27 11:00,SELL,1226.84,1218.84,7.8,TP
2018-07-26 17:00,2018-07-27 12:00,SELL,1226.43,1218.43,7.8,TP
2018-07-26 18:00,2018-07-27 13:00,SELL,1226.28,1218.28,7.8,TP
2018-07-31 10:00,2018-07-31 15:00,SELL,1218.6,1224.6,-6.2,SL
2018-07-31 12:00,2018-07-31 15:00,SELL,1218.58,1224.58,-6.2,SL
2018-07-31 13:00,2018-07-31 15:00,SELL,1218.5,1224.5,-6.2,SL
2018-07-26 20:00,2018-07-31 16:00,SELL,1225.21,1217.21,7.8,TP
2018-07-26 21:00,2018-07-31 16:00,SELL,1223.43,1215.43,7.8,TP
2018-07-26 22:00,2018-07-31 16:00,SELL,1222.71,1214.71,7.8,TP
2018-07-31 11:00,2018-07-31 19:00,SELL,1219.19,1225.19,-6.2,SL
2018-07-31 14:00,2018-07-31 19:00,SELL,1220.21,1226.21,-6.2,SL
2018-07-31 15:00,2018-07-31 19:00,SELL,1219.02,1225.02,-6.2,SL
2018-07-31 16:00,2018-07-31 19:00,SELL,1221.18,1227.18,-6.2,SL
2018-07-31 17:00,2018-07-31 19:00,SELL,1221.32,1227.32,-6.2,SL
2018-07-31 19:00,2018-08-01 17:00,SELL,1225.98,1217.98,7.8,TP
2018-07-31 21:00,2018-08-01 17:00,SELL,1225.36,1217.36,7.8,TP
2018-07-31 20:00,2018-08-01 18:00,SELL,1224.56,1216.56,7.8,TP
2018-07-31 22:00,2018-08-01 18:00,SELL,1224.6,1216.6,7.8,TP
2018-07-31 18:00,2018-08-01 22:00,SELL,1223.94,1215.94,7.8,TP
2018-07-31 23:00,2018-08-01 22:00,SELL,1223.94,1215.94,7.8,TP
2018-08-01 02:00,2018-08-01 22:00,SELL,1223.86,1215.86,7.8,TP
2018-08-01 01:00,2018-08-02 12:00,SELL,1223.56,1215.56,7.8,TP
2018-08-01 03:00,2018-08-02 13:00,SELL,1222.99,1214.99,7.8,TP
2018-08-01 04:00,2018-08-02 13:00,SELL,1223.37,1215.37,7.8,TP
2018-08-01 05:00,2018-08-02 14:00,SELL,1222.26,1214.26,7.8,TP
2018-08-01 06:00,2018-08-02 14:00,SELL,1221.76,1213.76,7.8,TP
2018-08-01 07:00,2018-08-02 20:00,SELL,1220.77,1212.77,7.8,TP
2018-08-07 01:00,2018-08-07 12:00,SELL,1208.23,1214.23,-6.2,SL
2018-08-07 02:00,2018-08-07 12:00,SELL,1208.64,1214.64,-6.2,SL
2018-08-07 03:00,2018-08-07 12:00,SELL,1209.4,1215.4,-6.2,SL
2018-08-07 04:00,2018-08-07 12:00,SELL,1208.45,1214.45,-6.2,SL
2018-08-07 05:00,2018-08-07 12:00,SELL,1209.68,1215.68,-6.2,SL
2018-08-07 06:00,2018-08-07 13:00,SELL,1209.81,1215.81,-6.2,SL
2018-08-07 12:00,2018-08-08 15:00,SELL,1215.48,1207.48,7.8,TP
2018-08-07 13:00,2018-08-08 15:00,SELL,1214.91,1206.91,7.8,TP
2018-08-07 14:00,2018-08-08 15:00,SELL,1215.05,1207.05,7.8,TP
2018-08-08 15:00,2018-08-09 03:00,SELL,1208.3,1214.3,-6.2,SL
2018-08-08 16:00,2018-08-09 05:00,SELL,1209.55,1215.55,-6.2,SL
2018-08-07 07:00,2018-08-09 09:00,SELL,1210.59,1216.59,-6.2,SL
2018-08-07 08:00,2018-08-09 09:00,SELL,1210.99,1216.99,-6.2,SL
2018-08-07 10:00,2018-08-09 09:00,SELL,1210.5,1216.5,-6.2,SL
2018-08-07 17:00,2018-08-09 09:00,SELL,1211.3,1217.3,-6.2,SL
2018-08-08 17:00,2018-08-09 09:00,SELL,1210.25,1216.25,-6.2,SL
2018-08-07 11:00,2018-08-10 09:00,SELL,1213.74,1205.74,7.8,TP
2018-08-10 09:00,2018-08-10 16:00,SELL,1208.62,1214.62,-6.2,SL
2018-08-10 10:00,2018-08-10 16:00,SELL,1208.91,1214.91,-6.2,SL
2018-08-10 11:00,2018-08-10 16:00,SELL,1209.19,1215.19,-6.2,SL
2018-08-10 12:00,2018-08-10 17:00,SELL,1210.12,1216.12,-6.2,SL
2018-08-07 09:00,2018-08-13 10:00,SELL,1212.93,1204.93,7.8,TP
2018-08-07 15:00,2018-08-13 10:00,SELL,1213.28,1205.28,7.8,TP
2018-08-07 16:00,2018-08-13 10:00,SELL,1212.92,1204.92,7.8,TP
2018-08-07 18:00,2018-08-13 10:00,SELL,1212.39,1204.39,7.8,TP
2018-08-07 19:00,2018-08-13 10:00,SELL,1211.62,1203.62,7.8,TP
2018-08-08 06:00,2018-08-13 10:00,SELL,1213.13,1205.13,7.8,TP
2018-08-08 07:00,2018-08-13 10:00,SELL,1213.59,1205.59,7.8,TP
2018-08-16 01:00,2018-08-16 03:00,SELL,1175.65,1167.65,7.8,TP
2018-08-16 02:00,2018-08-16 03:00,SELL,1173.71,1165.71,7.8,TP
2018-08-16 03:00,2018-08-16 05:00,SELL,1165.69,1171.69,-6.2,SL
2018-08-17 01:00,2018-08-17 21:00,SELL,1174.78,1180.78,-6.2,SL
2018-08-17 09:00,2018-08-17 21:00,SELL,1174.66,1180.66,-6.2,SL
2018-08-17 02:00,2018-08-17 22:00,SELL,1175.32,1181.32,-6.2,SL
2018-08-17 03:00,2018-08-17 22:00,SELL,1177.32,1183.32,-6.2,SL
2018-08-17 04:00,2018-08-17 22:00,SELL,1176.53,1182.53,-6.2,SL
2018-08-17 05:00,2018-08-17 22:00,SELL,1177.22,1183.22,-6.2,SL
2018-08-17 06:00,2018-08-17 22:00,SELL,1176.25,1182.25,-6.2,SL
2018-08-17 07:00,2018-08-17 22:00,SELL,1176.69,1182.69,-6.2,SL
2018-08-17 08:00,2018-08-17 22:00,SELL,1175.24,1181.24,-6.2,SL
2018-08-17 10:00,2018-08-17 22:00,SELL,1176.8,1182.8,-6.2,SL
2018-08-17 11:00,2018-08-17 22:00,SELL,1177.84,1183.84,-6.2,SL
2018-08-17 12:00,2018-08-17 22:00,SELL,1176.46,1182.46,-6.2,SL
2018-08-17 13:00,2018-08-17 22:00,SELL,1177.5,1183.5,-6.2,SL
2018-08-17 14:00,2018-08-17 22:00,SELL,1176.5,1182.5,-6.2,SL
2018-08-17 15:00,2018-08-17 22:00,SELL,1177.97,1183.97,-6.2,SL
2018-08-20 03:00,2018-08-20 11:00,SELL,1183.65,1189.65,-6.2,SL
2018-08-20 04:00,2018-08-20 22:00,SELL,1184.12,1190.12,-6.2,SL
2018-08-20 16:00,2018-08-21 01:00,SELL,1184.96,1190.96,-6.2,SL
2018-08-20 17:00,2018-08-21 01:00,SELL,1185.09,1191.09,-6.2,SL
2018-08-20 05:00,2018-08-21 02:00,SELL,1185.14,1191.14,-6.2,SL
2018-08-20 06:00,2018-08-21 03:00,SELL,1185.67,1191.67,-6.2,SL
2018-08-20 07:00,2018-08-21 03:00,SELL,1185.77,1191.77,-6.2,SL
2018-08-20 08:00,2018-08-21 03:00,SELL,1186.02,1192.02,-6.2,SL
2018-08-20 09:00,2018-08-21 03:00,SELL,1186.09,1192.09,-6.2,SL
2018-08-20 10:00,2018-08-21 03:00,SELL,1187.91,1193.91,-6.2,SL
2018-08-20 11:00,2018-08-21 03:00,SELL,1188.2,1194.2,-6.2,SL
2018-08-20 13:00,2018-08-21 03:00,SELL,1187.46,1193.46,-6.2,SL
2018-08-20 14:00,2018-08-21 03:00,SELL,1186.34,1192.34,-6.2,SL
2018-08-20 15:00,2018-08-21 03:00,SELL,1185.77,1191.77,-6.2,SL
2018-08-20 18:00,2018-08-21 03:00,SELL,1186.63,1192.63,-6.2,SL
2018-08-20 12:00,2018-08-21 05:00,SELL,1188.4,1194.4,-6.2,SL
2018-08-20 22:00,2018-08-21 09:00,SELL,1190.06,1196.06,-6.2,SL
2018-08-21 01:00,2018-08-21 23:00,SELL,1190.73,1196.73,-6.2,SL
2018-08-21 02:00,2018-08-22 03:00,SELL,1191.11,1197.11,-6.2,SL
2018-08-21 03:00,2018-08-22 14:00,SELL,1193.73,1199.73,-6.2,SL
2018-08-27 14:00,2018-08-27 17:00,SELL,1206.02,1212.02,-6.2,SL
2018-08-27 15:00,2018-08-27 17:00,SELL,1205.8,1211.8,-6.2,SL
2018-08-27 16:00,2018-08-28 11:00,SELL,1207.21,1213.21,-6.2,SL
2018-08-28 11:00,2018-08-28 20:00,SELL,1213.02,1205.02,7.8,TP
2018-08-27 17:00,2018-08-28 21:00,SELL,1211.0,1203.0,7.8,TP
2018-08-27 18:00,2018-08-28 21:00,SELL,1209.36,1201.36,7.8,TP
2018-08-27 19:00,2018-08-28 21:00,SELL,1209.87,1201.87,7.8,TP
2018-08-27 20:00,2018-08-28 21:00,SELL,1208.57,1200.57,7.8,TP
2018-08-27 21:00,2018-08-28 21:00,SELL,1209.0,1201.0,7.8,TP
2018-08-27 22:00,2018-08-28 21:00,SELL,1210.36,1202.36,7.8,TP
2018-08-27 23:00,2018-08-28 21:00,SELL,1211.07,1203.07,7.8,TP
2018-08-28 01:00,2018-08-28 21:00,SELL,1210.57,1202.57,7.8,TP
2018-08-28 02:00,2018-08-28 21:00,SELL,1211.01,1203.01,7.8,TP
2018-08-28 03:00,2018-08-28 21:00,SELL,1210.6,1202.6,7.8,TP
2018-08-28 04:00,2018-08-28 21:00,SELL,1209.33,1201.33,7.8,TP
2018-08-28 06:00,2018-08-28 21:00,SELL,1209.06,1201.06,7.8,TP
2018-08-28 07:00,2018-08-28 21:00,SELL,1209.53,1201.53,7.8,TP
2018-08-28 05:00,2018-08-28 22:00,SELL,1208.24,1200.24,7.8,TP
2018-08-31 10:00,2018-08-31 18:00,SELL,1207.97,1199.97,7.8,TP
2018-08-31 12:00,2018-08-31 19:00,SELL,1207.17,1199.17,7.8,TP
2018-08-31 11:00,2018-08-31 21:00,SELL,1206.24,1198.24,7.8,TP
2018-08-31 13:00,2018-08-31 21:00,SELL,1206.62,1198.62,7.8,TP
2018-08-31 08:00,2018-09-03 03:00,SELL,1205.14,1197.14,7.8,TP
2018-08-31 09:00,2018-09-03 03:00,SELL,1203.93,1195.93,7.8,TP
2018-08-31 14:00,2018-09-03 03:00,SELL,1203.95,1195.95,7.8,TP
2018-08-31 17:00,2018-09-03 03:00,SELL,1204.54,1196.54,7.8,TP
2018-09-03 11:00,2018-09-04 09:00,SELL,1203.11,1195.11,7.8,TP
2018-08-31 15:00,2018-09-04 10:00,SELL,1202.65,1194.65,7.8,TP
2018-08-31 16:00,2018-09-04 10:00,SELL,1202.62,1194.62,7.8,TP
2018-09-03 12:00,2018-09-04 14:00,SELL,1200.86,1192.86,7.8,TP
2018-09-03 13:00,2018-09-04 14:00,SELL,1201.56,1193.56,7.8,TP
2018-09-03 14:00,2018-09-04 14:00,SELL,1199.81,1191.81,7.8,TP
2018-09-04 09:00,2018-09-06 11:00,SELL,1195.39,1201.39,-6.2,SL
2018-09-04 10:00,2018-09-06 11:00,SELL,1194.76,1200.76,-6.2,SL
2018-09-04 11:00,2018-09-06 11:00,SELL,1195.72,1201.72,-6.2,SL
2018-09-04 12:00,2018-09-06 11:00,SELL,1194.69,1200.69,-6.2,SL
2018-09-04 13:00,2018-09-06 11:00,SELL,1194.39,1200.39,-6.2,SL
2018-09-04 14:00,2018-09-06 11:00,SELL,1194.13,1200.13,-6.2,SL
2018-09-04 15:00,2018-09-06 11:00,SELL,1194.51,1200.51,-6.2,SL
2018-09-05 18:00,2018-09-06 11:00,SELL,1196.65,1202.65,-6.2,SL
2018-09-05 19:00,2018-09-06 11:00,SELL,1195.36,1201.36,-6.2,SL
2018-09-05 20:00,2018-09-06 11:00,SELL,1195.56,1201.56,-6.2,SL
2018-09-05 21:00,2018-09-06 11:00,SELL,1196.17,1202.17,-6.2,SL
2018-09-05 22:00,2018-09-06 11:00,SELL,1196.97,1202.97,-6.2,SL
2018-09-05 23:00,2018-09-06 11:00,SELL,1196.48,1202.48,-6.2,SL
2018-09-06 01:00,2018-09-06 11:00,SELL,1196.97,1202.97,-6.2,SL
2018-09-06 02:00,2018-09-06 11:00,SELL,1197.06,1203.06,-6.2,SL
2018-09-07 03:00,2018-09-07 15:00,SELL,1202.36,1194.36,7.8,TP
2018-09-07 04:00,2018-09-07 15:00,SELL,1202.25,1194.25,7.8,TP
2018-09-07 05:00,2018-09-07 15:00,SELL,1202.31,1194.31,7.8,TP
2018-09-07 07:00,2018-09-07 16:00,SELL,1201.49,1193.49,7.8,TP
2018-09-07 13:00,2018-09-07 16:00,SELL,1201.68,1193.68,7.8,TP
2018-09-07 02:00,2018-09-10 07:00,SELL,1201.06,1193.06,7.8,TP
2018-09-07 06:00,2018-09-10 07:00,SELL,1200.45,1192.45,7.8,TP
2018-09-07 08:00,2018-09-10 07:00,SELL,1200.63,1192.63,7.8,TP
2018-09-07 09:00,2018-09-10 07:00,SELL,1200.78,1192.78,7.8,TP
2018-09-07 11:00,2018-09-10 07:00,SELL,1200.83,1192.83,7.8,TP
2018-09-07 14:00,2018-09-10 07:00,SELL,1201.26,1193.26,7.8,TP
2018-09-06 23:00,2018-09-10 08:00,SELL,1199.97,1191.97,7.8,TP
2018-09-07 01:00,2018-09-10 08:00,SELL,1200.24,1192.24,7.8,TP
2018-09-07 10:00,2018-09-10 08:00,SELL,1199.72,1191.72,7.8,TP
2018-09-07 12:00,2018-09-10 08:00,SELL,1200.21,1192.21,7.8,TP
2018-09-07 16:00,2018-09-11 15:00,SELL,1198.43,1190.43,7.8,TP
2018-09-07 17:00,2018-09-11 15:00,SELL,1197.62,1189.62,7.8,TP
2018-09-07 18:00,2018-09-11 15:00,SELL,1197.01,1189.01,7.8,TP
2018-09-07 19:00,2018-09-11 15:00,SELL,1195.95,1187.95,7.8,TP
2018-09-07 15:00,2018-09-12 18:00,SELL,1194.48,1200.48,-6.2,SL
2018-09-12 10:00,2018-09-12 18:00,SELL,1196.3,1202.3,-6.2,SL
2018-09-12 11:00,2018-09-12 18:00,SELL,1195.47,1201.47,-6.2,SL
2018-09-12 12:00,2018-09-12 18:00,SELL,1197.01,1203.01,-6.2,SL
2018-09-12 13:00,2018-09-12 18:00,SELL,1195.47,1201.47,-6.2,SL
2018-09-12 14:00,2018-09-12 18:00,SELL,1194.01,1200.01,-6.2,SL
2018-09-12 15:00,2018-09-12 18:00,SELL,1194.36,1200.36,-6.2,SL
2018-09-12 16:00,2018-09-12 18:00,SELL,1196.05,1202.05,-6.2,SL
2018-09-12 17:00,2018-09-12 18:00,SELL,1197.89,1203.89,-6.2,SL
2018-09-12 18:00,2018-09-12 21:00,SELL,1202.27,1208.27,-6.2,SL
2018-09-12 19:00,2018-09-13 15:00,SELL,1204.0,1210.0,-6.2,SL
2018-09-13 08:00,2018-09-13 15:00,SELL,1204.03,1210.03,-6.2,SL
2018-09-12 22:00,2018-09-13 16:00,SELL,1206.13,1212.13,-6.2,SL
2018-09-12 23:00,2018-09-13 16:00,SELL,1206.06,1212.06,-6.2,SL
2018-09-13 01:00,2018-09-13 16:00,SELL,1206.28,1212.28,-6.2,SL
2018-09-13 02:00,2018-09-13 16:00,SELL,1206.13,1212.13,-6.2,SL
2018-09-13 03:00,2018-09-13 16:00,SELL,1205.87,1211.87,-6.2,SL
2018-09-13 04:00,2018-09-13 16:00,SELL,1205.17,1211.17,-6.2,SL
2018-09-13 05:00,2018-09-13 16:00,SELL,1204.58,1210.58,-6.2,SL
2018-09-13 06:00,2018-09-13 16:00,SELL,1205.58,1211.58,-6.2,SL
2018-09-13 07:00,2018-09-13 16:00,SELL,1204.29,1210.29,-6.2,SL
2018-09-13 09:00,2018-09-13 16:00,SELL,1204.44,1210.44,-6.2,SL
2018-09-14 02:00,2018-09-14 10:00,SELL,1202.07,1208.07,-6.2,SL
2018-09-12 20:00,2018-09-14 17:00,SELL,1207.28,1199.28,7.8,TP
2018-09-12 21:00,2018-09-14 17:00,SELL,1207.97,1199.97,7.8,TP
2018-09-14 06:00,2018-09-14 17:00,SELL,1205.32,1197.32,7.8,TP
2018-09-14 09:00,2018-09-14 17:00,SELL,1205.9,1197.9,7.8,TP
2018-09-14 10:00,2018-09-14 17:00,SELL,1207.61,1199.61,7.8,TP
2018-09-14 11:00,2018-09-14 17:00,SELL,1206.81,1198.81,7.8,TP
2018-09-14 12:00,2018-09-14 17:00,SELL,1205.96,1197.96,7.8,TP
2018-09-14 04:00,2018-09-14 18:00,SELL,1203.9,1195.9,7.8,TP
2018-09-14 05:00,2018-09-14 18:00,SELL,1204.53,1196.53,7.8,TP
2018-09-14 07:00,2018-09-14 18:00,SELL,1205.1,1197.1,7.8,TP
2018-09-14 08:00,2018-09-14 18:00,SELL,1204.75,1196.75,7.8,TP
2018-09-14 03:00,2018-09-14 19:00,SELL,1202.89,1194.89,7.8,TP
2018-09-18 21:00,2018-09-19 08:00,SELL,1197.66,1203.66,-6.2,SL
2018-09-18 23:00,2018-09-19 08:00,SELL,1198.04,1204.04,-6.2,SL
2018-09-18 22:00,2018-09-19 10:00,SELL,1198.3,1204.3,-6.2,SL
2018-09-19 04:00,2018-09-19 10:00,SELL,1198.51,1204.51,-6.2,SL
2018-09-19 01:00,2018-09-19 15:00,SELL,1199.15,1205.15,-6.2,SL
2018-09-19 02:00,2018-09-19 15:00,SELL,1199.45,1205.45,-6.2,SL
2018-09-19 03:00,2018-09-19 15:00,SELL,1199.0,1205.0,-6.2,SL
2018-09-19 05:00,2018-09-19 15:00,SELL,1199.29,1205.29,-6.2,SL
2018-09-19 06:00,2018-09-20 15:00,SELL,1201.07,1207.07,-6.2,SL
2018-09-19 07:00,2018-09-20 17:00,SELL,1201.94,1207.94,-6.2,SL
2018-09-19 09:00,2018-09-20 17:00,SELL,1202.33,1208.33,-6.2,SL
2018-09-19 08:00,2018-09-21 03:00,SELL,1203.8,1209.8,-6.2,SL
2018-09-19 10:00,2018-09-21 03:00,SELL,1202.93,1208.93,-6.2,SL
2018-09-19 11:00,2018-09-21 03:00,SELL,1202.9,1208.9,-6.2,SL
2018-09-19 12:00,2018-09-21 03:00,SELL,1202.78,1208.78,-6.2,SL
2018-09-19 13:00,2018-09-21 03:00,SELL,1202.9,1208.9,-6.2,SL
2018-09-19 14:00,2018-09-21 03:00,SELL,1202.85,1208.85,-6.2,SL
2018-09-19 16:00,2018-09-21 03:00,SELL,1203.2,1209.2,-6.2,SL
2018-09-19 17:00,2018-09-21 03:00,SELL,1203.41,1209.41,-6.2,SL
2018-09-19 18:00,2018-09-21 03:00,SELL,1203.47,1209.47,-6.2,SL
2018-09-19 20:00,2018-09-21 03:00,SELL,1202.65,1208.65,-6.2,SL
2018-09-19 19:00,2018-09-21 09:00,SELL,1204.13,1210.13,-6.2,SL
2018-09-20 17:00,2018-09-21 10:00,SELL,1204.38,1210.38,-6.2,SL
2018-09-19 15:00,2018-09-21 15:00,SELL,1205.25,1197.25,7.8,TP
2018-09-20 15:00,2018-09-21 15:00,SELL,1207.02,1199.02,7.8,TP
2018-09-26 07:00,2018-09-26 16:00,SELL,1201.95,1193.95,7.8,TP
2018-09-26 08:00,2018-09-26 16:00,SELL,1201.82,1193.82,7.8,TP
2018-09-26 06:00,2018-09-26 17:00,SELL,1201.67,1193.67,7.8,TP
2018-09-26 05:00,2018-09-26 21:00,SELL,1201.56,1193.56,7.8,TP
2018-09-26 09:00,2018-09-26 21:00,SELL,1199.63,1191.63,7.8,TP
2018-09-26 10:00,2018-09-26 21:00,SELL,1200.07,1192.07,7.8,TP
2018-09-26 11:00,2018-09-26 21:00,SELL,1199.67,1191.67,7.8,TP
2018-09-26 13:00,2018-09-26 21:00,SELL,1198.47,1190.47,7.8,TP
2018-09-26 17:00,2018-09-26 21:00,SELL,1194.1,1200.1,-6.2,SL
2018-09-26 12:00,2018-09-27 15:00,SELL,1198.07,1190.07,7.8,TP
2018-09-26 14:00,2018-09-27 15:00,SELL,1197.39,1189.39,7.8,TP
2018-09-26 15:00,2018-09-27 15:00,SELL,1195.71,1187.71,7.8,TP
2018-09-26 16:00,2018-09-27 15:00,SELL,1196.28,1188.28,7.8,TP
2018-09-26 18:00,2018-09-27 15:00,SELL,1194.65,1186.65,7.8,TP
2018-09-26 19:00,2018-09-27 15:00,SELL,1196.0,1188.0,7.8,TP
2018-09-26 20:00,2018-09-27 15:00,SELL,1196.1,1188.1,7.8,TP
2018-09-26 21:00,2018-09-27 15:00,SELL,1198.07,1190.07,7.8,TP
2018-09-27 01:00,2018-09-27 15:00,SELL,1195.2,1187.2,7.8,TP
2018-09-27 02:00,2018-09-27 15:00,SELL,1196.45,1188.45,7.8,TP
2018-09-26 22:00,2018-09-27 16:00,SELL,1194.53,1186.53,7.8,TP
2018-09-26 23:00,2018-09-27 16:00,SELL,1194.22,1186.22,7.8,TP
2018-10-01 20:00,2018-10-02 11:00,SELL,1188.6,1194.6,-6.2,SL
2018-10-01 23:00,2018-10-02 11:00,SELL,1188.66,1194.66,-6.2,SL
2018-10-01 21:00,2018-10-02 15:00,SELL,1189.38,1195.38,-6.2,SL
2018-10-01 22:00,2018-10-02 15:00,SELL,1189.47,1195.47,-6.2,SL
2018-10-02 01:00,2018-10-02 15:00,SELL,1189.27,1195.27,-6.2,SL
2018-10-02 02:00,2018-10-02 15:00,SELL,1188.99,1194.99,-6.2,SL
2018-10-02 03:00,2018-10-02 15:00,SELL,1190.01,1196.01,-6.2,SL
2018-10-02 04:00,2018-10-02 15:00,SELL,1189.98,1195.98,-6.2,SL
2018-10-02 05:00,2018-10-02 15:00,SELL,1191.27,1197.27,-6.2,SL
2018-10-02 06:00,2018-10-02 15:00,SELL,1191.33,1197.33,-6.2,SL
2018-10-02 08:00,2018-10-02 15:00,SELL,1191.87,1197.87,-6.2,SL
2018-10-02 13:00,2018-10-02 15:00,SELL,1189.74,1195.74,-6.2,SL
2018-10-02 07:00,2018-10-02 16:00,SELL,1192.55,1198.55,-6.2,SL
2018-10-02 09:00,2018-10-02 16:00,SELL,1192.85,1198.85,-6.2,SL
2018-10-02 10:00,2018-10-02 16:00,SELL,1193.05,1199.05,-6.2,SL
2018-10-02 11:00,2018-10-02 16:00,SELL,1193.11,1199.11,-6.2,SL
2018-10-02 12:00,2018-10-02 16:00,SELL,1192.38,1198.38,-6.2,SL
2018-10-02 15:00,2018-10-02 16:00,SELL,1197.89,1203.89,-6.2,SL
2018-10-02 20:00,2018-10-03 05:00,SELL,1201.63,1207.63,-6.2,SL
2018-10-02 17:00,2018-10-03 18:00,SELL,1207.17,1199.17,7.8,TP
2018-10-03 07:00,2018-10-03 19:00,SELL,1205.89,1197.89,7.8,TP
2018-10-03 08:00,2018-10-03 19:00,SELL,1205.98,1197.98,7.8,TP
2018-10-02 18:00,2018-10-03 23:00,SELL,1204.71,1196.71,7.8,TP
2018-10-03 12:00,2018-10-03 23:00,SELL,1204.84,1196.84,7.8,TP
2018-10-03 18:00,2018-10-04 17:00,SELL,1199.9,1205.9,-6.2,SL
2018-10-02 16:00,2018-10-08 05:00,SELL,1203.61,1195.61,7.8,TP
2018-10-02 19:00,2018-10-08 05:00,SELL,1203.83,1195.83,7.8,TP
2018-10-03 09:00,2018-10-08 05:00,SELL,1203.44,1195.44,7.8,TP
2018-10-03 10:00,2018-10-08 05:00,SELL,1203.7,1195.7,7.8,TP
2018-10-03 11:00,2018-10-08 05:00,SELL,1203.71,1195.71,7.8,TP
2018-10-03 16:00,2018-10-08 05:00,SELL,1203.34,1195.34,7.8,TP
2018-10-02 21:00,2018-10-08 10:00,SELL,1202.72,1194.72,7.8,TP
2018-10-03 13:00,2018-10-08 10:00,SELL,1202.82,1194.82,7.8,TP
2018-10-03 14:00,2018-10-08 10:00,SELL,1202.45,1194.45,7.8,TP
2018-10-03 15:00,2018-10-08 10:00,SELL,1202.44,1194.44,7.8,TP
2018-10-08 09:00,2018-10-08 15:00,SELL,1196.5,1188.5,7.8,TP
2018-10-08 10:00,2018-10-08 15:00,SELL,1193.87,1185.87,7.8,TP
2018-10-08 11:00,2018-10-08 15:00,SELL,1194.44,1186.44,7.8,TP
2018-10-08 12:00,2018-10-08 15:00,SELL,1193.75,1185.75,7.8,TP
2018-10-08 13:00,2018-10-08 15:00,SELL,1194.14,1186.14,7.8,TP
2018-10-08 14:00,2018-10-08 15:00,SELL,1194.27,1186.27,7.8,TP
2018-10-08 18:00,2018-10-09 07:00,SELL,1185.59,1191.59,-6.2,SL
2018-10-08 15:00,2018-10-10 21:00,SELL,1186.02,1192.02,-6.2,SL
2018-10-08 16:00,2018-10-10 21:00,SELL,1186.09,1192.09,-6.2,SL
2018-10-08 17:00,2018-10-10 21:00,SELL,1186.24,1192.24,-6.2,SL
2018-10-08 19:00,2018-10-10 21:00,SELL,1186.38,1192.38,-6.2,SL
2018-10-08 20:00,2018-10-10 21:00,SELL,1186.49,1192.49,-6.2,SL
2018-10-08 21:00,2018-10-10 22:00,SELL,1187.16,1193.16,-6.2,SL
2018-10-08 23:00,2018-10-10 23:00,SELL,1187.96,1193.96,-6.2,SL
2018-10-09 01:00,2018-10-10 23:00,SELL,1187.97,1193.97,-6.2,SL
2018-10-08 22:00,2018-10-11 03:00,SELL,1188.87,1194.87,-6.2,SL
2018-10-09 02:00,2018-10-11 10:00,SELL,1190.64,1196.64,-6.2,SL
2018-10-09 03:00,2018-10-11 10:00,SELL,1189.74,1195.74,-6.2,SL
2018-10-10 21:00,2018-10-11 10:00,SELL,1191.75,1197.75,-6.2,SL
2018-10-10 22:00,2018-10-11 12:00,SELL,1192.9,1198.9,-6.2,SL
2018-10-10 23:00,2018-10-11 12:00,SELL,1194.03,1200.03,-6.2,SL
2018-10-11 01:00,2018-10-11 12:00,SELL,1193.89,1199.89,-6.2,SL
2018-10-11 02:00,2018-10-11 12:00,SELL,1193.87,1199.87,-6.2,SL
2018-10-11 03:00,2018-10-11 12:00,SELL,1193.05,1199.05,-6.2,SL
2018-10-11 04:00,2018-10-11 12:00,SELL,1193.63,1199.63,-6.2,SL
2018-10-11 05:00,2018-10-11 12:00,SELL,1192.71,1198.71,-6.2,SL
2018-10-11 06:00,2018-10-11 12:00,SELL,1193.33,1199.33,-6.2,SL
2018-10-11 07:00,2018-10-11 12:00,SELL,1192.98,1198.98,-6.2,SL
2018-10-11 08:00,2018-10-11 12:00,SELL,1192.98,1198.98,-6.2,SL
2018-10-11 09:00,2018-10-11 12:00,SELL,1193.96,1199.96,-6.2,SL
2018-10-11 10:00,2018-10-11 12:00,SELL,1197.5,1203.5,-6.2,SL
2018-10-11 11:00,2018-10-11 12:00,SELL,1198.1,1204.1,-6.2,SL
2018-10-11 12:00,2018-10-11 15:00,SELL,1203.62,1209.62,-6.2,SL
2018-10-11 13:00,2018-10-11 15:00,SELL,1203.56,1209.56,-6.2,SL
2018-10-11 14:00,2018-10-11 15:00,SELL,1203.75,1209.75,-6.2,SL
2018-10-11 15:00,2018-10-11 17:00,SELL,1208.46,1214.46,-6.2,SL
2018-10-11 16:00,2018-10-11 17:00,SELL,1207.73,1213.73,-6.2,SL
2018-10-11 17:00,2018-10-11 20:00,SELL,1215.91,1221.91,-6.2,SL
2018-10-11 18:00,2018-10-11 21:00,SELL,1219.47,1225.47,-6.2,SL
2018-10-11 19:00,2018-10-11 21:00,SELL,1219.74,1225.74,-6.2,SL
2018-10-11 20:00,2018-10-12 09:00,SELL,1224.59,1216.59,7.8,TP
2018-10-11 21:00,2018-10-12 09:00,SELL,1224.07,1216.07,7.8,TP
2018-10-11 23:00,2018-10-12 09:00,SELL,1224.82,1216.82,7.8,TP
2018-10-12 04:00,2018-10-15 09:00,SELL,1218.03,1224.03,-6.2,SL
2018-10-11 22:00,2018-10-15 10:00,SELL,1222.89,1228.89,-6.2,SL
2018-10-12 01:00,2018-10-15 10:00,SELL,1222.85,1228.85,-6.2,SL
2018-10-12 02:00,2018-10-15 10:00,SELL,1221.23,1227.23,-6.2,SL
2018-10-12 03:00,2018-10-15 10:00,SELL,1220.89,1226.89,-6.2,SL
2018-10-15 09:00,2018-10-15 12:00,BUY,1224.82,1232.82,7.8,TP
2018-10-15 11:00,2018-10-15 16:00,BUY,1230.36,1224.36,-6.2,SL
2018-10-15 12:00,2018-10-15 16:00,BUY,1231.38,1225.38,-6.2,SL
2018-10-15 13:00,2018-10-15 16:00,BUY,1231.7,1225.7,-6.2,SL
2018-10-15 15:00,2018-10-15 16:00,BUY,1230.58,1224.58,-6.2,SL
2018-10-15 16:00,2018-10-16 22:00,BUY,1230.65,1224.65,-6.2,SL
2018-10-15 14:00,2018-10-17 05:00,BUY,1228.88,1222.88,-6.2,SL
2018-10-15 17:00,2018-10-17 05:00,BUY,1228.22,1222.22,-6.2,SL
2018-10-15 18:00,2018-10-17 05:00,BUY,1228.17,1222.17,-6.2,SL
2018-10-16 03:00,2018-10-17 05:00,BUY,1228.17,1222.17,-6.2,SL
2018-10-16 04:00,2018-10-17 05:00,BUY,1227.95,1221.95,-6.2,SL
2018-10-16 01:00,2018-10-17 06:00,BUY,1227.56,1221.56,-6.2,SL
2018-10-15 10:00,2018-10-17 08:00,BUY,1227.15,1221.15,-6.2,SL
2018-10-15 19:00,2018-10-17 08:00,BUY,1226.92,1220.92,-6.2,SL
2018-10-15 23:00,2018-10-17 08:00,BUY,1226.81,1220.81,-6.2,SL
2018-10-16 02:00,2018-10-17 08:00,BUY,1226.75,1220.75,-6.2,SL
2018-10-15 20:00,2018-10-18 09:00,BUY,1225.46,1219.46,-6.2,SL
2018-10-15 21:00,2018-10-18 09:00,BUY,1225.92,1219.92,-6.2,SL
2018-10-15 22:00,2018-10-18 09:00,BUY,1225.37,1219.37,-6.2,SL
2018-10-16 05:00,2018-10-18 09:00,BUY,1225.9,1219.9,-6.2,SL
2018-10-17 07:00,2018-10-18 18:00,BUY,1221.92,1229.92,7.8,TP
2018-10-17 10:00,2018-10-18 18:00,BUY,1221.78,1229.78,7.8,TP
2018-10-17 08:00,2018-10-19 15:00,BUY,1222.63,1230.63,7.8,TP
2018-10-22 18:00,2018-10-23 09:00,BUY,1221.36,1229.36,7.8,TP
2018-10-22 21:00,2018-10-23 09:00,BUY,1221.5,1229.5,7.8,TP
2018-10-17 09:00,2018-10-23 10:00,BUY,1223.4,1231.4,7.8,TP
2018-10-22 19:00,2018-10-23 10:00,BUY,1222.15,1230.15,7.8,TP
2018-10-22 20:00,2018-10-23 10:00,BUY,1222.67,1230.67,7.8,TP
2018-10-22 22:00,2018-10-23 10:00,BUY,1222.72,1230.72,7.8,TP
2018-10-22 23:00,2018-10-23 10:00,BUY,1221.86,1229.86,7.8,TP
2018-10-23 01:00,2018-10-23 10:00,BUY,1221.78,1229.78,7.8,TP
2018-10-23 02:00,2018-10-23 10:00,BUY,1222.28,1230.28,7.8,TP
2018-10-23 03:00,2018-10-23 10:00,BUY,1222.57,1230.57,7.8,TP
2018-10-23 04:00,2018-10-23 10:00,BUY,1223.74,1231.74,7.8,TP
2018-10-23 05:00,2018-10-23 10:00,BUY,1223.48,1231.48,7.8,TP
2018-10-23 06:00,2018-10-23 10:00,BUY,1223.59,1231.59,7.8,TP
2018-10-23 07:00,2018-10-23 10:00,BUY,1223.87,1231.87,7.8,TP
2018-10-23 08:00,2018-10-23 11:00,BUY,1224.86,1232.86,7.8,TP
2018-10-25 17:00,2018-10-26 11:00,BUY,1229.43,1237.43,7.8,TP
2018-10-25 18:00,2018-10-26 11:00,BUY,1229.65,1237.65,7.8,TP
2018-10-25 12:00,2018-10-26 17:00,BUY,1231.61,1239.61,7.8,TP
2018-10-25 13:00,2018-10-26 17:00,BUY,1233.19,1241.19,7.8,TP
2018-10-25 14:00,2018-10-26 17:00,BUY,1231.92,1239.92,7.8,TP
2018-10-25 15:00,2018-10-26 17:00,BUY,1233.06,1241.06,7.8,TP
2018-10-25 16:00,2018-10-26 17:00,BUY,1230.66,1238.66,7.8,TP
2018-10-26 15:00,2018-10-26 17:00,BUY,1233.26,1241.26,7.8,TP
2018-10-26 16:00,2018-10-26 17:00,BUY,1234.35,1242.35,7.8,TP
2018-10-26 14:00,2018-10-26 18:00,BUY,1235.25,1243.25,7.8,TP
2018-10-26 17:00,2018-10-26 19:00,BUY,1243.17,1237.17,-6.2,SL
2018-10-26 18:00,2018-10-26 19:00,BUY,1240.1,1234.1,-6.2,SL
2018-10-26 12:00,2018-10-29 08:00,BUY,1236.63,1230.63,-6.2,SL
2018-10-26 13:00,2018-10-29 08:00,BUY,1236.47,1230.47,-6.2,SL
2018-10-26 19:00,2018-10-29 10:00,BUY,1233.87,1227.87,-6.2,SL
2018-10-26 20:00,2018-10-29 10:00,BUY,1233.89,1227.89,-6.2,SL
2018-10-29 07:00,2018-10-29 11:00,BUY,1233.66,1227.66,-6.2,SL
2018-10-29 06:00,2018-10-29 18:00,BUY,1233.04,1227.04,-6.2,SL
2018-10-29 08:00,2018-10-29 19:00,BUY,1230.68,1224.68,-6.2,SL
2018-10-29 09:00,2018-10-29 19:00,BUY,1230.71,1224.71,-6.2,SL
2018-10-29 10:00,2018-10-30 10:00,BUY,1229.15,1223.15,-6.2,SL
2018-10-29 11:00,2018-10-30 10:00,BUY,1228.55,1222.55,-6.2,SL
2018-10-29 12:00,2018-10-30 10:00,BUY,1229.64,1223.64,-6.2,SL
2018-10-29 13:00,2018-10-30 10:00,BUY,1228.75,1222.75,-6.2,SL
2018-10-30 18:00,2018-10-31 05:00,BUY,1223.73,1217.73,-6.2,SL
2018-10-30 19:00,2018-10-31 05:00,BUY,1222.75,1216.75,-6.2,SL
2018-10-30 20:00,2018-10-31 05:00,BUY,1222.75,1216.75,-6.2,SL
2018-10-30 21:00,2018-10-31 05:00,BUY,1223.51,1217.51,-6.2,SL
2018-10-30 22:00,2018-10-31 05:00,BUY,1222.97,1216.97,-6.2,SL
2018-10-31 01:00,2018-10-31 05:00,BUY,1222.53,1216.53,-6.2,SL
2018-10-31 02:00,2018-10-31 10:00,BUY,1221.29,1215.29,-6.2,SL
2018-11-05 12:00,2018-11-06 18:00,BUY,1231.95,1225.95,-6.2,SL
2018-11-05 13:00,2018-11-06 18:00,BUY,1232.06,1226.06,-6.2,SL
2018-11-05 16:00,2018-11-06 18:00,BUY,1231.67,1225.67,-6.2,SL
2018-11-05 17:00,2018-11-06 18:00,BUY,1231.29,1225.29,-6.2,SL
2018-11-05 23:00,2018-11-06 18:00,BUY,1231.36,1225.36,-6.2,SL
2018-11-05 18:00,2018-11-06 20:00,BUY,1229.8,1223.8,-6.2,SL
2018-11-05 19:00,2018-11-06 20:00,BUY,1230.04,1224.04,-6.2,SL
2018-11-05 20:00,2018-11-06 20:00,BUY,1230.86,1224.86,-6.2,SL
2018-11-05 21:00,2018-11-06 20:00,BUY,1230.16,1224.16,-6.2,SL
2018-11-05 22:00,2018-11-06 20:00,BUY,1230.36,1224.36,-6.2,SL
2018-11-06 01:00,2018-11-06 20:00,BUY,1231.0,1225.0,-6.2,SL
2018-11-06 02:00,2018-11-06 20:00,BUY,1230.42,1224.42,-6.2,SL
2018-11-06 03:00,2018-11-06 20:00,BUY,1230.49,1224.49,-6.2,SL
2018-11-06 18:00,2018-11-07 11:00,BUY,1225.66,1233.66,7.8,TP
2018-11-05 14:00,2018-11-08 09:00,BUY,1228.69,1222.69,-6.2,SL
2018-11-05 15:00,2018-11-08 09:00,BUY,1228.69,1222.69,-6.2,SL
2018-11-09 05:00,2018-11-09 15:00,BUY,1218.33,1212.33,-6.2,SL
2018-11-09 06:00,2018-11-09 15:00,BUY,1218.95,1212.95,-6.2,SL
2018-11-09 07:00,2018-11-09 15:00,BUY,1220.0,1214.0,-6.2,SL
2018-11-12 22:00,2018-11-14 19:00,SELL,1201.47,1207.47,-6.2,SL
2018-11-12 23:00,2018-11-14 19:00,SELL,1200.16,1206.16,-6.2,SL
2018-11-13 01:00,2018-11-14 19:00,SELL,1202.31,1208.31,-6.2,SL
2018-11-14 12:00,2018-11-14 19:00,SELL,1200.22,1206.22,-6.2,SL
2018-11-14 13:00,2018-11-14 19:00,SELL,1199.83,1205.83,-6.2,SL
2018-11-14 14:00,2018-11-14 19:00,SELL,1201.05,1207.05,-6.2,SL
2018-11-14 15:00,2018-11-14 19:00,SELL,1198.55,1204.55,-6.2,SL
2018-11-14 16:00,2018-11-14 19:00,SELL,1201.87,1207.87,-6.2,SL
2018-11-14 17:00,2018-11-14 19:00,SELL,1201.75,1207.75,-6.2,SL
2018-11-13 02:00,2018-11-14 20:00,SELL,1202.94,1208.94,-6.2,SL
2018-11-14 18:00,2018-11-14 20:00,SELL,1203.15,1209.15,-6.2,SL
2018-11-14 19:00,2018-11-14 20:00,SELL,1208.33,1214.33,-6.2,SL
2018-11-15 03:00,2018-11-15 10:00,SELL,1208.63,1214.63,-6.2,SL
2018-11-15 04:00,2018-11-15 11:00,SELL,1210.16,1216.16,-6.2,SL
2018-11-14 23:00,2018-11-16 03:00,SELL,1210.54,1216.54,-6.2,SL
2018-11-15 02:00,2018-11-16 03:00,SELL,1210.61,1216.61,-6.2,SL
2018-11-15 05:00,2018-11-16 03:00,SELL,1210.66,1216.66,-6.2,SL
2018-11-15 11:00,2018-11-16 03:00,SELL,1210.56,1216.56,-6.2,SL
2018-11-15 13:00,2018-11-16 03:00,SELL,1210.3,1216.3,-6.2,SL
2018-11-14 21:00,2018-11-16 10:00,SELL,1211.49,1217.49,-6.2,SL
2018-11-14 22:00,2018-11-16 10:00,SELL,1211.88,1217.88,-6.2,SL
2018-11-15 01:00,2018-11-16 10:00,SELL,1210.93,1216.93,-6.2,SL
2018-11-15 06:00,2018-11-16 10:00,SELL,1211.99,1217.99,-6.2,SL
2018-11-15 07:00,2018-11-16 10:00,SELL,1211.38,1217.38,-6.2,SL
2018-11-15 09:00,2018-11-16 10:00,SELL,1211.91,1217.91,-6.2,SL
2018-11-15 12:00,2018-11-16 10:00,SELL,1210.87,1216.87,-6.2,SL
2018-11-14 20:00,2018-11-16 15:00,SELL,1213.51,1219.51,-6.2,SL
2018-11-15 08:00,2018-11-16 15:00,SELL,1213.5,1219.5,-6.2,SL
2018-11-15 10:00,2018-11-16 15:00,SELL,1213.5,1219.5,-6.2,SL
2018-11-16 03:00,2018-11-16 15:00,SELL,1215.52,1221.52,-6.2,SL
2018-11-16 04:00,2018-11-16 15:00,SELL,1214.59,1220.59,-6.2,SL
2018-11-16 05:00,2018-11-16 15:00,SELL,1214.81,1220.81,-6.2,SL
2018-11-16 06:00,2018-11-16 15:00,SELL,1215.4,1221.4,-6.2,SL
2018-11-16 07:00,2018-11-16 15:00,SELL,1214.69,1220.69,-6.2,SL
2018-11-16 10:00,2018-11-16 15:00,SELL,1215.4,1221.4,-6.2,SL
2018-11-19 07:00,2018-11-20 14:00,BUY,1218.31,1226.31,7.8,TP
2018-11-19 05:00,2018-11-20 15:00,BUY,1220.45,1228.45,7.8,TP
2018-11-19 06:00,2018-11-20 15:00,BUY,1219.64,1227.64,7.8,TP
2018-11-19 08:00,2018-11-20 15:00,BUY,1219.12,1227.12,7.8,TP
2018-11-19 09:00,2018-11-20 15:00,BUY,1220.7,1228.7,7.8,TP
2018-11-19 10:00,2018-11-20 15:00,BUY,1220.7,1228.7,7.8,TP
2018-11-19 11:00,2018-11-20 15:00,BUY,1220.52,1228.52,7.8,TP
2018-11-16 22:00,2018-11-21 17:00,BUY,1221.88,1229.88,7.8,TP
2018-11-16 23:00,2018-11-21 17:00,BUY,1221.2,1229.2,7.8,TP
2018-11-19 04:00,2018-11-21 17:00,BUY,1221.25,1229.25,7.8,TP
2018-11-19 12:00,2018-11-21 17:00,BUY,1221.9,1229.9,7.8,TP
2018-11-19 13:00,2018-11-21 17:00,BUY,1221.8,1229.8,7.8,TP
2018-11-19 01:00,2018-11-27 17:00,BUY,1222.48,1216.48,-6.2,SL
2018-11-19 02:00,2018-11-27 17:00,BUY,1222.58,1216.58,-6.2,SL
2018-11-19 03:00,2018-11-27 17:00,BUY,1222.11,1216.11,-6.2,SL
2018-11-29 02:00,2018-11-29 14:00,SELL,1221.89,1227.89,-6.2,SL
2018-11-30 23:00,2018-12-03 09:00,BUY,1221.96,1229.96,7.8,TP
2018-12-03 01:00,2018-12-03 09:00,BUY,1222.04,1230.04,7.8,TP
2018-12-03 02:00,2018-12-03 09:00,BUY,1222.7,1230.7,7.8,TP
2018-12-03 03:00,2018-12-03 09:00,BUY,1223.35,1231.35,7.8,TP
2018-12-03 04:00,2018-12-03 09:00,BUY,1224.12,1232.12,7.8,TP
2018-12-03 05:00,2018-12-03 15:00,BUY,1224.78,1232.78,7.8,TP
2018-12-03 06:00,2018-12-03 16:00,BUY,1225.1,1233.1,7.8,TP
2018-12-03 07:00,2018-12-03 16:00,BUY,1226.77,1234.77,7.8,TP
2018-12-03 08:00,2018-12-04 03:00,BUY,1226.89,1234.89,7.8,TP
2018-12-03 13:00,2018-12-04 06:00,BUY,1228.96,1236.96,7.8,TP
2018-12-03 14:00,2018-12-04 07:00,BUY,1228.99,1236.99,7.8,TP
2018-12-03 12:00,2018-12-04 08:00,BUY,1230.08,1238.08,7.8,TP
2018-12-03 21:00,2018-12-04 10:00,BUY,1231.01,1239.01,7.8,TP
2018-12-03 22:00,2018-12-04 10:00,BUY,1230.72,1238.72,7.8,TP
2018-12-03 09:00,2018-12-04 11:00,BUY,1231.59,1239.59,7.8,TP
2018-12-03 10:00,2018-12-04 11:00,BUY,1231.61,1239.61,7.8,TP
2018-12-03 11:00,2018-12-04 11:00,BUY,1231.62,1239.62,7.8,TP
2018-12-03 15:00,2018-12-04 11:00,BUY,1232.01,1240.01,7.8,TP
2018-12-03 17:00,2018-12-04 11:00,BUY,1232.94,1240.94,7.8,TP
2018-12-03 19:00,2018-12-04 11:00,BUY,1232.93,1240.93,7.8,TP
2018-12-03 20:00,2018-12-04 11:00,BUY,1232.1,1240.1,7.8,TP
2018-12-03 16:00,2018-12-04 16:00,BUY,1233.37,1241.37,7.8,TP
2018-12-03 18:00,2018-12-06 16:00,BUY,1233.9,1241.9,7.8,TP
2018-12-05 16:00,2018-12-07 15:00,BUY,1236.92,1244.92,7.8,TP
2018-12-05 17:00,2018-12-07 15:00,BUY,1237.26,1245.26,7.8,TP
2018-12-05 20:00,2018-12-07 15:00,BUY,1236.49,1244.49,7.8,TP
2018-12-05 21:00,2018-12-07 15:00,BUY,1236.44,1244.44,7.8,TP
2018-12-05 22:00,2018-12-07 15:00,BUY,1237.11,1245.11,7.8,TP
2018-12-05 23:00,2018-12-07 15:00,BUY,1237.06,1245.06,7.8,TP
2018-12-05 15:00,2018-12-07 16:00,BUY,1238.08,1246.08,7.8,TP
2018-12-05 18:00,2018-12-07 16:00,BUY,1237.63,1245.63,7.8,TP
2018-12-05 19:00,2018-12-07 17:00,BUY,1238.38,1246.38,7.8,TP
2018-12-06 01:00,2018-12-07 17:00,BUY,1238.21,1246.21,7.8,TP
2018-12-06 02:00,2018-12-07 20:00,BUY,1239.25,1247.25,7.8,TP
2018-12-06 03:00,2018-12-07 20:00,BUY,1240.17,1248.17,7.8,TP
2018-12-06 04:00,2018-12-07 20:00,BUY,1239.15,1247.15,7.8,TP
2018-12-06 05:00,2018-12-07 20:00,BUY,1239.28,1247.28,7.8,TP
2018-12-11 11:00,2018-12-11 18:00,BUY,1248.73,1242.73,-6.2,SL
2018-12-11 12:00,2018-12-11 20:00,BUY,1247.76,1241.76,-6.2,SL
2018-12-11 13:00,2018-12-11 20:00,BUY,1247.26,1241.26,-6.2,SL
2018-12-11 15:00,2018-12-13 15:00,BUY,1246.66,1240.66,-6.2,SL
2018-12-11 14:00,2018-12-13 16:00,BUY,1246.25,1240.25,-6.2,SL
2018-12-11 16:00,2018-12-14 09:00,BUY,1245.39,1239.39,-6.2,SL
2018-12-11 17:00,2018-12-14 09:00,BUY,1243.67,1237.67,-6.2,SL
2018-12-11 18:00,2018-12-14 09:00,BUY,1243.58,1237.58,-6.2,SL
2018-12-11 19:00,2018-12-14 09:00,BUY,1244.21,1238.21,-6.2,SL
2018-12-12 02:00,2018-12-14 09:00,BUY,1243.97,1237.97,-6.2,SL
2018-12-12 03:00,2018-12-14 09:00,BUY,1245.34,1239.34,-6.2,SL
2018-12-12 04:00,2018-12-14 09:00,BUY,1244.84,1238.84,-6.2,SL
2018-12-12 05:00,2018-12-14 09:00,BUY,1244.74,1238.74,-6.2,SL
2018-12-11 20:00,2018-12-14 15:00,BUY,1243.07,1237.07,-6.2,SL
2018-12-11 21:00,2018-12-14 15:00,BUY,1242.2,1236.2,-6.2,SL
2018-12-11 22:00,2018-12-14 15:00,BUY,1242.9,1236.9,-6.2,SL
2018-12-11 23:00,2018-12-14 15:00,BUY,1242.83,1236.83,-6.2,SL
2018-12-12 01:00,2018-12-14 15:00,BUY,1243.07,1237.07,-6.2,SL
2018-12-13 16:00,2018-12-14 15:00,BUY,1242.61,1236.61,-6.2,SL
2018-12-13 17:00,2018-12-14 15:00,BUY,1242.12,1236.12,-6.2,SL
2018-12-19 17:00,2018-12-19 21:00,BUY,1254.34,1248.34,-6.2,SL
2018-12-19 18:00,2018-12-19 21:00,BUY,1255.22,1249.22,-6.2,SL
2018-12-19 19:00,2018-12-19 21:00,BUY,1252.66,1246.66,-6.2,SL
2018-12-19 20:00,2018-12-19 21:00,BUY,1251.52,1245.52,-6.2,SL
2018-12-19 22:00,2018-12-20 10:00,BUY,1241.78,1249.78,7.8,TP
2018-12-19 21:00,2018-12-20 11:00,BUY,1244.02,1252.02,7.8,TP
2018-12-19 23:00,2018-12-20 11:00,BUY,1242.98,1250.98,7.8,TP
2018-12-20 01:00,2018-12-20 11:00,BUY,1244.01,1252.01,7.8,TP
2018-12-20 02:00,2018-12-20 11:00,BUY,1244.59,1252.59,7.8,TP
2018-12-20 03:00,2018-12-20 11:00,BUY,1244.99,1252.99,7.8,TP
2018-12-20 04:00,2018-12-20 11:00,BUY,1244.28,1252.28,7.8,TP
2018-12-20 05:00,2018-12-20 11:00,BUY,1244.52,1252.52,7.8,TP
2018-12-20 06:00,2018-12-20 11:00,BUY,1245.19,1253.19,7.8,TP
2018-12-20 07:00,2018-12-20 11:00,BUY,1244.95,1252.95,7.8,TP
2018-12-20 08:00,2018-12-20 11:00,BUY,1246.87,1254.87,7.8,TP
2018-12-20 09:00,2018-12-20 11:00,BUY,1248.54,1256.54,7.8,TP
2018-12-20 10:00,2018-12-20 16:00,BUY,1249.39,1257.39,7.8,TP
2018-12-20 12:00,2018-12-20 19:00,BUY,1255.9,1263.9,7.8,TP
2018-12-20 13:00,2018-12-20 19:00,BUY,1255.99,1263.99,7.8,TP
2018-12-20 14:00,2018-12-20 19:00,BUY,1254.42,1262.42,7.8,TP
2018-12-20 11:00,2018-12-20 20:00,BUY,1256.9,1264.9,7.8,TP
2018-12-20 15:00,2018-12-20 20:00,BUY,1256.83,1264.83,7.8,TP
2018-12-20 17:00,2018-12-20 20:00,BUY,1256.25,1264.25,7.8,TP
2018-12-20 16:00,2018-12-24 18:00,BUY,1259.37,1267.37,7.8,TP
2018-12-24 16:00,2018-12-26 08:00,BUY,1266.29,1274.29,7.8,TP
2018-12-24 17:00,2018-12-26 08:00,BUY,1265.8,1273.8,7.8,TP
2018-12-27 09:00,2018-12-27 15:00,BUY,1266.7,1274.7,7.8,TP
2018-12-27 04:00,2018-12-27 19:00,BUY,1270.0,1278.0,7.8,TP
2018-12-27 05:00,2018-12-27 19:00,BUY,1269.28,1277.28,7.8,TP
2018-12-27 06:00,2018-12-27 19:00,BUY,1269.55,1277.55,7.8,TP
2018-12-27 07:00,2018-12-27 19:00,BUY,1268.8,1276.8,7.8,TP
2018-12-27 08:00,2018-12-27 19:00,BUY,1268.74,1276.74,7.8,TP
2018-12-27 03:00,2018-12-27 20:00,BUY,1270.49,1278.49,7.8,TP
2018-12-27 10:00,2018-12-28 08:00,BUY,1271.76,1279.76,7.8,TP
2018-12-27 11:00,2018-12-28 08:00,BUY,1272.63,1280.63,7.8,TP
2018-12-27 12:00,2018-12-28 08:00,BUY,1272.49,1280.49,7.8,TP
2018-12-27 13:00,2018-12-28 08:00,BUY,1270.96,1278.96,7.8,TP
2018-12-27 14:00,2018-12-28 10:00,BUY,1273.36,1281.36,7.8,TP
2018-12-27 17:00,2018-12-31 10:00,BUY,1274.59,1282.59,7.8,TP
2018-12-27 15:00,2018-12-31 13:00,BUY,1275.77,1283.77,7.8,TP
2018-12-27 16:00,2018-12-31 13:00,BUY,1275.77,1283.77,7.8,TP
2018-12-31 04:00,2019-01-02 07:00,BUY,1278.01,1286.01,7.8,TP
2018-12-31 05:00,2019-01-02 07:00,BUY,1277.51,1285.51,7.8,TP
2018-12-31 06:00,2019-01-02 07:00,BUY,1278.09,1286.09,7.8,TP
2018-12-31 07:00,2019-01-02 08:00,BUY,1278.91,1286.91,7.8,TP
2018-12-31 08:00,2019-01-02 10:00,BUY,1279.52,1287.52,7.8,TP
2018-12-31 10:00,2019-01-02 10:00,BUY,1280.55,1288.55,7.8,TP
2018-12-31 09:00,2019-01-03 01:00,BUY,1281.06,1289.06,7.8,TP
2018-12-31 11:00,2019-01-03 01:00,BUY,1282.06,1290.06,7.8,TP
2018-12-31 12:00,2019-01-03 08:00,BUY,1282.43,1290.43,7.8,TP
2018-12-31 13:00,2019-01-03 08:00,BUY,1283.51,1291.51,7.8,TP
2018-12-31 14:00,2019-01-03 08:00,BUY,1283.91,1291.91,7.8,TP
